Sıra No,Başvuru No,Çevre Kimlik No,İşletme Adı,İşletme Adres,Tesisi İli,Lisans Konuları,İzin Konuları,Belge Türü,Onay Tarihi,SertifikaId
1,544490,223543380,KARDEŞLER KUYUMCULUK SANAYİ VE TİCARET LİMİTED ŞİRKETİ,"İKİTELLİ OSB Mahallesi, ÇEVRE SAN. SİTESİ 3. BLOK SOKAK, No: 27 BAŞAKŞEHİR, İSTANBULTürkiye",İSTANBUL,Tehlikeli Atık Geri Kazanım,"Hava Emisyon, Gürültü Kontrolü, Atıksu Deşarjı",İzin ve Lisans Belgesi,09.05.2022,2765
2,544490,223543380,KARDEŞLER KUYUMCULUK SANAYİ VE TİCARET LİMİTED ŞİRKETİ,"İKİTELLİ OSB Mahallesi, ÇEVRE SAN. SİTESİ 3. BLOK SOKAK, No: 27 BAŞAKŞEHİR, İSTANBULTürkiye",İSTANBUL, Tehlikesiz Atık Geri Kazanım,"Hava Emisyon, Gürültü Kontrolü, Atıksu Deşarjı",İzin ve Lisans Belgesi,09.05.2022,2765
3,547155,305195148,RAMSED ENDÜSTRİYEL ATIK GERİ DÖNÜŞÜM ANONİM ŞİRKETİ,"HASANOĞLAN BAHÇELİEVLER Mahallesi, ODUNCU YOLU SOKAK, No: 42 ---, ELMADAĞ, ANKARA, Türkiye",ANKARA,Atık Ara Depolama,"Hava Emisyon, Gürültü Kontrolü, Atıksu Deşarjı",İzin ve Lisans Belgesi,05.04.2022,2765
4,536270,227178298,ÇAĞLAR KUYUMCULUK SAN.VE TİC.LTD.ŞTİ,"İKİTELLİ OSB Mahallesi, PİK DÖKÜMCÜLER B6 BLOK SOKAK, No:10-10, BAŞAKŞEHİR / İSTANBUL",İSTANBUL,Tehlikeli Atık Geri Kazanım,"Hava Emisyon, Gürültü Kontrolü, Atıksu Deşarjı",İzin ve Lisans Belgesi,30.03.2022,2765
5,536270,227178298,ÇAĞLAR KUYUMCULUK SAN.VE TİC.LTD.ŞTİ,"İKİTELLİ OSB Mahallesi, PİK DÖKÜMCÜLER B6 BLOK SOKAK, No:10-10, BAŞAKŞEHİR / İSTANBUL",İSTANBUL, Tehlikesiz Atık Geri Kazanım,"Hava Emisyon, Gürültü Kontrolü, Atıksu Deşarjı",İzin ve Lisans Belgesi,30.03.2022,2765
6,526770,223409640,CANLAR KUYUMCULUK SAN VE TİC.LTD.ŞTİ,"İKİTELLİ OSB Mahallesi, ÇEVRE 2. BLOK SOKAK, Çevre San. Sit. 2. Blok No: 20, BAŞAKŞEHİR / İSTANBUL",İSTANBUL,Tehlikeli Atık Geri Kazanım,"Hava Emisyon, Gürültü Kontrolü, Atıksu Deşarjı",İzin ve Lisans Belgesi,09.05.2022,2765
7,526770,223409640,CANLAR KUYUMCULUK SAN VE TİC.LTD.ŞTİ,"İKİTELLİ OSB Mahallesi, ÇEVRE 2. BLOK SOKAK, Çevre San. Sit. 2. Blok No: 20, BAŞAKŞEHİR / İSTANBUL",İSTANBUL, Tehlikesiz Atık Geri Kazanım,"Hava Emisyon, Gürültü Kontrolü, Atıksu Deşarjı",İzin ve Lisans Belgesi,09.05.2022,2765
8,539041,231755520,ATIKSA ENTEGRE ATIK YÖNETİMİ TİCARET LİMİTED ŞİRKETİ,"Kayapa Mah., Kayapa Sanayi Bulvarı, No: 20-, Nilüfer BURSA",BURSA,Atık Elektrikli ve Elektronik Eşya İşleme,"Hava Emisyon, Gürültü Kontrolü, Atıksu Deşarjı",İzin ve Lisans Belgesi,04.03.2022,2765
9,539041,231755520,ATIKSA ENTEGRE ATIK YÖNETİMİ TİCARET LİMİTED ŞİRKETİ,"Kayapa Mah., Kayapa Sanayi Bulvarı, No: 20-, Nilüfer BURSA",BURSA, Atık Ara Depolama,"Hava Emisyon, Gürültü Kontrolü, Atıksu Deşarjı",İzin ve Lisans Belgesi,04.03.2022,2765
10,535679,290008706,NİĞSA METAL GERİ DÖNÜŞÜM SANAYİ TİCARET LİMİTED ŞİRKETİ,"SAMURLU Mahallesi, 1247 SOKAK, No: 14 A-14 B, ALİAĞA, İZMİR, Türkiye",İZMİR,Tehlikeli Atık Geri Kazanım,"Hava Emisyon, Gürültü Kontrolü, Atıksu Deşarjı",İzin ve Lisans Belgesi,15.02.2022,2765
11,535679,290008706,NİĞSA METAL GERİ DÖNÜŞÜM SANAYİ TİCARET LİMİTED ŞİRKETİ,"SAMURLU Mahallesi, 1247 SOKAK, No: 14 A-14 B, ALİAĞA, İZMİR, Türkiye",İZMİR, Atık Ara Depolama,"Hava Emisyon, Gürültü Kontrolü, Atıksu Deşarjı",İzin ve Lisans Belgesi,15.02.2022,2765
12,534537,226682400,CEMİL KILIÇ-ÖZ KARADENİZ RAMATÇILIK,"İKİTELLİ OSB Mahallesi, ÇEVRE 3. BLOK SOKAK, No: 9-9, BAŞAKŞEHİR / İSTANBUL",İSTANBUL,Tehlikeli Atık Geri Kazanım,"Hava Emisyon, Gürültü Kontrolü, Atıksu Deşarjı",İzin ve Lisans Belgesi,11.02.2022,2765
13,534537,226682400,CEMİL KILIÇ-ÖZ KARADENİZ RAMATÇILIK,"İKİTELLİ OSB Mahallesi, ÇEVRE 3. BLOK SOKAK, No: 9-9, BAŞAKŞEHİR / İSTANBUL",İSTANBUL, Tehlikesiz Atık Geri Kazanım,"Hava Emisyon, Gürültü Kontrolü, Atıksu Deşarjı",İzin ve Lisans Belgesi,11.02.2022,2765
14,533803,292383850,GÜRSEL HORUZ - KUZEY RAMAT,"İKİTELLİ OSB Mahallesi, ÇEVRE SANAY, SİTESİ 3. BLOK SOKAK, No: 17 -17, BAŞAKŞEHİR / İSTANBUL",İSTANBUL,Tehlikeli Atık Geri Kazanım,"Hava Emisyon, Gürültü Kontrolü, Atıksu Deşarjı",İzin ve Lisans Belgesi,07.01.2022,2765
15,533803,292383850,GÜRSEL HORUZ - KUZEY RAMAT,"İKİTELLİ OSB Mahallesi, ÇEVRE SANAY, SİTESİ 3. BLOK SOKAK, No: 17 -17, BAŞAKŞEHİR / İSTANBUL",İSTANBUL, Tehlikesiz Atık Geri Kazanım,"Hava Emisyon, Gürültü Kontrolü, Atıksu Deşarjı",İzin ve Lisans Belgesi,07.01.2022,2765
16,531818,227240872,NİĞSAN GERİ DÖNÜŞÜM METAL SANAYİ VE TİCARET LİMİTED ŞİRKETİ,"Organize Sanayi Bölgesi Mahallesi, 2-A Nolu Yol Caddesi, No:7-, Bor / NİĞDE",NİĞDE,Tehlikeli Atık Geri Kazanım,"Hava Emisyon, Gürültü Kontrolü, Atıksu Deşarjı",İzin ve Lisans Belgesi,27.12.2021,2765
17,531818,227240872,NİĞSAN GERİ DÖNÜŞÜM METAL SANAYİ VE TİCARET LİMİTED ŞİRKETİ,"Organize Sanayi Bölgesi Mahallesi, 2-A Nolu Yol Caddesi, No:7-, Bor / NİĞDE",NİĞDE, Tehlikesiz Atık Geri Kazanım,"Hava Emisyon, Gürültü Kontrolü, Atıksu Deşarjı",İzin ve Lisans Belgesi,27.12.2021,2765
18,531818,227240872,NİĞSAN GERİ DÖNÜŞÜM METAL SANAYİ VE TİCARET LİMİTED ŞİRKETİ,"Organize Sanayi Bölgesi Mahallesi, 2-A Nolu Yol Caddesi, No:7-, Bor / NİĞDE",NİĞDE, Ömrünü Tamamlamış Araç Geçici Depolama,"Hava Emisyon, Gürültü Kontrolü, Atıksu Deşarjı",İzin ve Lisans Belgesi,27.12.2021,2765
19,531818,227240872,NİĞSAN GERİ DÖNÜŞÜM METAL SANAYİ VE TİCARET LİMİTED ŞİRKETİ,"Organize Sanayi Bölgesi Mahallesi, 2-A Nolu Yol Caddesi, No:7-, Bor / NİĞDE",NİĞDE, Tanker Temizleme,"Hava Emisyon, Gürültü Kontrolü, Atıksu Deşarjı",İzin ve Lisans Belgesi,27.12.2021,2765
20,531818,227240872,NİĞSAN GERİ DÖNÜŞÜM METAL SANAYİ VE TİCARET LİMİTED ŞİRKETİ,"Organize Sanayi Bölgesi Mahallesi, 2-A Nolu Yol Caddesi, No:7-, Bor / NİĞDE",NİĞDE, Hurda Metal /ÖTA İşleme,"Hava Emisyon, Gürültü Kontrolü, Atıksu Deşarjı",İzin ve Lisans Belgesi,27.12.2021,2765
21,531818,227240872,NİĞSAN GERİ DÖNÜŞÜM METAL SANAYİ VE TİCARET LİMİTED ŞİRKETİ,"Organize Sanayi Bölgesi Mahallesi, 2-A Nolu Yol Caddesi, No:7-, Bor / NİĞDE",NİĞDE, Atık Elektrikli ve Elektronik Eşya İşleme,"Hava Emisyon, Gürültü Kontrolü, Atıksu Deşarjı",İzin ve Lisans Belgesi,27.12.2021,2765
22,531818,227240872,NİĞSAN GERİ DÖNÜŞÜM METAL SANAYİ VE TİCARET LİMİTED ŞİRKETİ,"Organize Sanayi Bölgesi Mahallesi, 2-A Nolu Yol Caddesi, No:7-, Bor / NİĞDE",NİĞDE, PCB Arındırma,"Hava Emisyon, Gürültü Kontrolü, Atıksu Deşarjı",İzin ve Lisans Belgesi,27.12.2021,2765
23,531818,227240872,NİĞSAN GERİ DÖNÜŞÜM METAL SANAYİ VE TİCARET LİMİTED ŞİRKETİ,"Organize Sanayi Bölgesi Mahallesi, 2-A Nolu Yol Caddesi, No:7-, Bor / NİĞDE",NİĞDE, Atık Ara Depolama,"Hava Emisyon, Gürültü Kontrolü, Atıksu Deşarjı",İzin ve Lisans Belgesi,27.12.2021,2765
24,531818,227240872,NİĞSAN GERİ DÖNÜŞÜM METAL SANAYİ VE TİCARET LİMİTED ŞİRKETİ,"Organize Sanayi Bölgesi Mahallesi, 2-A Nolu Yol Caddesi, No:7-, Bor / NİĞDE",NİĞDE, Ambalaj Atığı Toplama ve Ayırma Tip ,"Hava Emisyon, Gürültü Kontrolü, Atıksu Deşarjı",İzin ve Lisans Belgesi,27.12.2021,2765
25,556557,288645542,YILMAZLAR HURDACILIK GERİ DÖNÜŞÜM SANAYİ VE TİCARET ANONİM ŞİRKETİ SİNCAN ŞUBESİ,"Cumhuriyet Mah. Ozan Cad. No:10, SİNCAN, ANKARA",ANKARA,Tehlikeli Atık Geri Kazanım,"Hava Emisyon, Gürültü Kontrolü, Atıksu Deşarjı",İzin ve Lisans Belgesi,05.04.2022,2765
26,556557,288645542,YILMAZLAR HURDACILIK GERİ DÖNÜŞÜM SANAYİ VE TİCARET ANONİM ŞİRKETİ SİNCAN ŞUBESİ,"Cumhuriyet Mah. Ozan Cad. No:10, SİNCAN, ANKARA",ANKARA, Tehlikesiz Atık Geri Kazanım,"Hava Emisyon, Gürültü Kontrolü, Atıksu Deşarjı",İzin ve Lisans Belgesi,05.04.2022,2765
27,556557,288645542,YILMAZLAR HURDACILIK GERİ DÖNÜŞÜM SANAYİ VE TİCARET ANONİM ŞİRKETİ SİNCAN ŞUBESİ,"Cumhuriyet Mah. Ozan Cad. No:10, SİNCAN, ANKARA",ANKARA, Ambalaj Atığı Geri Kazanım,"Hava Emisyon, Gürültü Kontrolü, Atıksu Deşarjı",İzin ve Lisans Belgesi,05.04.2022,2765
28,556557,288645542,YILMAZLAR HURDACILIK GERİ DÖNÜŞÜM SANAYİ VE TİCARET ANONİM ŞİRKETİ SİNCAN ŞUBESİ,"Cumhuriyet Mah. Ozan Cad. No:10, SİNCAN, ANKARA",ANKARA, Ömrünü Tamamlamış Araç Geçici Depolama,"Hava Emisyon, Gürültü Kontrolü, Atıksu Deşarjı",İzin ve Lisans Belgesi,05.04.2022,2765
29,556557,288645542,YILMAZLAR HURDACILIK GERİ DÖNÜŞÜM SANAYİ VE TİCARET ANONİM ŞİRKETİ SİNCAN ŞUBESİ,"Cumhuriyet Mah. Ozan Cad. No:10, SİNCAN, ANKARA",ANKARA, Tanker Temizleme,"Hava Emisyon, Gürültü Kontrolü, Atıksu Deşarjı",İzin ve Lisans Belgesi,05.04.2022,2765
30,556557,288645542,YILMAZLAR HURDACILIK GERİ DÖNÜŞÜM SANAYİ VE TİCARET ANONİM ŞİRKETİ SİNCAN ŞUBESİ,"Cumhuriyet Mah. Ozan Cad. No:10, SİNCAN, ANKARA",ANKARA, Atık Elektrikli ve Elektronik Eşya İşleme,"Hava Emisyon, Gürültü Kontrolü, Atıksu Deşarjı",İzin ve Lisans Belgesi,05.04.2022,2765
31,556557,288645542,YILMAZLAR HURDACILIK GERİ DÖNÜŞÜM SANAYİ VE TİCARET ANONİM ŞİRKETİ SİNCAN ŞUBESİ,"Cumhuriyet Mah. Ozan Cad. No:10, SİNCAN, ANKARA",ANKARA, PCB Arındırma,"Hava Emisyon, Gürültü Kontrolü, Atıksu Deşarjı",İzin ve Lisans Belgesi,05.04.2022,2765
32,556557,288645542,YILMAZLAR HURDACILIK GERİ DÖNÜŞÜM SANAYİ VE TİCARET ANONİM ŞİRKETİ SİNCAN ŞUBESİ,"Cumhuriyet Mah. Ozan Cad. No:10, SİNCAN, ANKARA",ANKARA, Atık Ara Depolama,"Hava Emisyon, Gürültü Kontrolü, Atıksu Deşarjı",İzin ve Lisans Belgesi,05.04.2022,2765
33,531930,229611292,BEYSU ATIK YÖNETİMİ SANAYİ VE TİCARET LİMİTED ŞİRKETİ,"PINARKENT Mahallesi, 200 SOKAK, No: 15-, PAMUKKALE / DENİZLİ",DENİZLİ,Atık Ara Depolama,"Hava Emisyon, Gürültü Kontrolü, Atıksu Deşarjı",İzin ve Lisans Belgesi,22.12.2021,2765
34,531930,229611292,BEYSU ATIK YÖNETİMİ SANAYİ VE TİCARET LİMİTED ŞİRKETİ,"PINARKENT Mahallesi, 200 SOKAK, No: 15-, PAMUKKALE / DENİZLİ",DENİZLİ, Atıktan Türetilmiş Yakıt (ATY) Hazırlama Tesisi,"Hava Emisyon, Gürültü Kontrolü, Atıksu Deşarjı",İzin ve Lisans Belgesi,22.12.2021,2765
35,555425,231171050,BURSA ENTEGRE ENERJİ SANAYİ VE TİCARET ANONİM ŞİRKETİ,"KAYAPA Mahallesi, SARI (530) CADDE, No: 17-1, NİLÜFER/BURSA",BURSA,Tehlikeli Atık Geri Kazanım,"Hava Emisyon, Gürültü Kontrolü, Atıksu Deşarjı",İzin ve Lisans Belgesi,08.06.2022,2765
36,555425,231171050,BURSA ENTEGRE ENERJİ SANAYİ VE TİCARET ANONİM ŞİRKETİ,"KAYAPA Mahallesi, SARI (530) CADDE, No: 17-1, NİLÜFER/BURSA",BURSA, Tehlikesiz Atık Geri Kazanım,"Hava Emisyon, Gürültü Kontrolü, Atıksu Deşarjı",İzin ve Lisans Belgesi,08.06.2022,2765
37,555425,231171050,BURSA ENTEGRE ENERJİ SANAYİ VE TİCARET ANONİM ŞİRKETİ,"KAYAPA Mahallesi, SARI (530) CADDE, No: 17-1, NİLÜFER/BURSA",BURSA, Tanker Temizleme,"Hava Emisyon, Gürültü Kontrolü, Atıksu Deşarjı",İzin ve Lisans Belgesi,08.06.2022,2765
38,555425,231171050,BURSA ENTEGRE ENERJİ SANAYİ VE TİCARET ANONİM ŞİRKETİ,"KAYAPA Mahallesi, SARI (530) CADDE, No: 17-1, NİLÜFER/BURSA",BURSA, Atık Elektrikli ve Elektronik Eşya İşleme,"Hava Emisyon, Gürültü Kontrolü, Atıksu Deşarjı",İzin ve Lisans Belgesi,08.06.2022,2765
39,555425,231171050,BURSA ENTEGRE ENERJİ SANAYİ VE TİCARET ANONİM ŞİRKETİ,"KAYAPA Mahallesi, SARI (530) CADDE, No: 17-1, NİLÜFER/BURSA",BURSA, Atıktan Türetilmiş Yakıt (ATY) Hazırlama Tesisi,"Hava Emisyon, Gürültü Kontrolü, Atıksu Deşarjı",İzin ve Lisans Belgesi,08.06.2022,2765
40,524061,230900206,YA-SE ÖZEL SAĞLIK PERSONEL HİZMETLERİ NAKLİYE TURİZM ENDÜSTRİYEL ATIK SANAYİ TİCARET LİMİTED ŞİRKETİ,"TURANKÖY Mahallesi, TERKEŞLİ CADDE, No: 6-, KESTEL / BURSA",BURSA,Atık Ara Depolama,"Hava Emisyon, Gürültü Kontrolü, Atıksu Deşarjı",İzin ve Lisans Belgesi,04.10.2021,2765
41,520979,227651272,İSTANBUL RAMAT - YUSUF GÖK,"İKİTELLİ OSB Mahallesi, ÇEVRE SANAYİ SİTESİ SOKAK, No: 13-, BAŞAKŞEHİR / İSTANBUL",İSTANBUL,Tehlikeli Atık Geri Kazanım,"Hava Emisyon, Gürültü Kontrolü, Atıksu Deşarjı",İzin ve Lisans Belgesi,24.09.2021,2765
42,520979,227651272,İSTANBUL RAMAT - YUSUF GÖK,"İKİTELLİ OSB Mahallesi, ÇEVRE SANAYİ SİTESİ SOKAK, No: 13-, BAŞAKŞEHİR / İSTANBUL",İSTANBUL, Tehlikesiz Atık Geri Kazanım,"Hava Emisyon, Gürültü Kontrolü, Atıksu Deşarjı",İzin ve Lisans Belgesi,24.09.2021,2765
43,528570,257602844,İBRAHİM KARABAY - ÇAĞ RAMAT,"İKİTELLİ OSB Mahallesi, CİLA VE NİKELAJCILAR A BLOK SOKAK, No:6-1/2, BAŞAKŞEHİR / İSTANBUL",İSTANBUL,Tehlikeli Atık Geri Kazanım,"Hava Emisyon, Gürültü Kontrolü, Atıksu Deşarjı",İzin ve Lisans Belgesi,15.09.2021,2765
44,528570,257602844,İBRAHİM KARABAY - ÇAĞ RAMAT,"İKİTELLİ OSB Mahallesi, CİLA VE NİKELAJCILAR A BLOK SOKAK, No:6-1/2, BAŞAKŞEHİR / İSTANBUL",İSTANBUL, Tehlikesiz Atık Geri Kazanım,"Hava Emisyon, Gürültü Kontrolü, Atıksu Deşarjı",İzin ve Lisans Belgesi,15.09.2021,2765
45,543368,264902676,AYVAZ KUYUMCULUK SANAYİ VE TİCARET LİMİTED ŞİRKETİ,"İkitelli OSB Mahallesi, Cila ve Nikelajcılar San. Sitesi C Blok, No: 9/1/2, Başakşehir / İSTANBUL",İSTANBUL,Tehlikeli Atık Geri Kazanım,"Hava Emisyon, Gürültü Kontrolü, Atıksu Deşarjı",İzin ve Lisans Belgesi,03.02.2022,2765
46,543368,264902676,AYVAZ KUYUMCULUK SANAYİ VE TİCARET LİMİTED ŞİRKETİ,"İkitelli OSB Mahallesi, Cila ve Nikelajcılar San. Sitesi C Blok, No: 9/1/2, Başakşehir / İSTANBUL",İSTANBUL, Tehlikesiz Atık Geri Kazanım,"Hava Emisyon, Gürültü Kontrolü, Atıksu Deşarjı",İzin ve Lisans Belgesi,03.02.2022,2765
47,519519,290260050,MGD MARMARA GERİ DÖNÜŞÜM ENDÜSTRİ SANAYİ VE TİC.LTD.ŞTİ. - TURGUTLU ŞUBESİ,"SELVİLİTEPE Mahallesi, URAN YOLU SOKAK, No:13/A, TURGUTLU / MANİSA",MANİSA,Atık Ara Depolama,"Hava Emisyon, Gürültü Kontrolü, Atıksu Deşarjı",İzin ve Lisans Belgesi,08.09.2021,2765
48,519723,223263446,DEKOR KUYUMCULUK SAN. TİC. LTD. ŞTİ. İKİTELLİ ŞUBESİ,"İkitelli OSB Mahallesi, Çevre 4.Blok Sokak No:7, Başakşehir / İSTANBUL",İSTANBUL,Tehlikeli Atık Geri Kazanım,"Hava Emisyon, Gürültü Kontrolü, Atıksu Deşarjı",İzin ve Lisans Belgesi,02.09.2021,2765
49,519723,223263446,DEKOR KUYUMCULUK SAN. TİC. LTD. ŞTİ. İKİTELLİ ŞUBESİ,"İkitelli OSB Mahallesi, Çevre 4.Blok Sokak No:7, Başakşehir / İSTANBUL",İSTANBUL, Tehlikesiz Atık Geri Kazanım,"Hava Emisyon, Gürültü Kontrolü, Atıksu Deşarjı",İzin ve Lisans Belgesi,02.09.2021,2765
50,518895,249958568,ZİRVE ALTIN SANAYİ VE TİCARET LİMİTED ŞİRKETİ,"İKİTELLİ OSB Mahallesi, PİK DÖKÜMCÜLER B4 BLOK SOKAK, No:2-2, BAŞAKŞEHİR / İSTANBUL",İSTANBUL,Tehlikeli Atık Geri Kazanım,"Hava Emisyon, Gürültü Kontrolü, Atıksu Deşarjı",İzin ve Lisans Belgesi,24.08.2021,2765
51,518895,249958568,ZİRVE ALTIN SANAYİ VE TİCARET LİMİTED ŞİRKETİ,"İKİTELLİ OSB Mahallesi, PİK DÖKÜMCÜLER B4 BLOK SOKAK, No:2-2, BAŞAKŞEHİR / İSTANBUL",İSTANBUL, Tehlikesiz Atık Geri Kazanım,"Hava Emisyon, Gürültü Kontrolü, Atıksu Deşarjı",İzin ve Lisans Belgesi,24.08.2021,2765
52,507502,277891598,ÜÇ-LER GERİ DÖN. GEMİ SÖK. DEM. ÇEL. NAK. İNŞ. HAF. SAN. TİC. LTD.ŞTİ.- MANİSA ARA Depolama ŞUBESİ,"MURADİYE Mahallesi, 31 SOKAK, No: 21-, YUNUSEMRE / MANİSA",MANİSA,Atık Ara Depolama,"Hava Emisyon, Gürültü Kontrolü, Atıksu Deşarjı",İzin ve Lisans Belgesi,06.08.2021,2765
53,516823,223499650,ITC INVEST TRADING & CONSULTING AG -TÜRKİYE ANKARA - SİNCAN ŞUBESİ,"Gökler Mahallesi, Gökler Küme Evler, No:237-, Ayaş - Sincan / ANKARA",ANKARA,Atık Yakma ve Beraber Yakma,"Hava Emisyon, Gürültü Kontrolü, Atıksu Deşarjı",İzin ve Lisans Belgesi,30.07.2021,2765
54,516823,223499650,ITC INVEST TRADING & CONSULTING AG -TÜRKİYE ANKARA - SİNCAN ŞUBESİ,"Gökler Mahallesi, Gökler Küme Evler, No:237-, Ayaş - Sincan / ANKARA",ANKARA, Düzenli Depolama - 1. Sınıf (Tehlikeli Atık Düzenli Depolama),"Hava Emisyon, Gürültü Kontrolü, Atıksu Deşarjı",İzin ve Lisans Belgesi,30.07.2021,2765
55,516823,223499650,ITC INVEST TRADING & CONSULTING AG -TÜRKİYE ANKARA - SİNCAN ŞUBESİ,"Gökler Mahallesi, Gökler Küme Evler, No:237-, Ayaş - Sincan / ANKARA",ANKARA, Atık Ara Depolama,"Hava Emisyon, Gürültü Kontrolü, Atıksu Deşarjı",İzin ve Lisans Belgesi,30.07.2021,2765
56,514585,226633158,GÜLÇAY RAMAT KEREM GÜLÇAY,"İkitelli OSB Mahallesi Çevre Sanayi Sitesi 3. Blok Sokak No: 25, Başakşehir / İSTANBUL",İSTANBUL,Tehlikeli Atık Geri Kazanım,"Hava Emisyon, Gürültü Kontrolü, Atıksu Deşarjı",İzin ve Lisans Belgesi,30.07.2021,2765
57,514585,226633158,GÜLÇAY RAMAT KEREM GÜLÇAY,"İkitelli OSB Mahallesi Çevre Sanayi Sitesi 3. Blok Sokak No: 25, Başakşehir / İSTANBUL",İSTANBUL, Tehlikesiz Atık Geri Kazanım,"Hava Emisyon, Gürültü Kontrolü, Atıksu Deşarjı",İzin ve Lisans Belgesi,30.07.2021,2765
58,558556,287108556,DİLEK GERİ DÖNÜŞÜM VE ENTEGRE ATIK YÖNETİMİ ENDÜSTRİ TİCARET VE SANAYİ LİMİTED ŞİRKETİ,Sağlık Mah. 282 Sokak No:9 A-1 Merkez/KIRIKKALE,KIRIKKALE,Tehlikeli Atık Geri Kazanım,"Hava Emisyon, Gürültü Kontrolü, Atıksu Deşarjı",İzin ve Lisans Belgesi,29.04.2022,2765
59,558556,287108556,DİLEK GERİ DÖNÜŞÜM VE ENTEGRE ATIK YÖNETİMİ ENDÜSTRİ TİCARET VE SANAYİ LİMİTED ŞİRKETİ,Sağlık Mah. 282 Sokak No:9 A-1 Merkez/KIRIKKALE,KIRIKKALE, Tehlikesiz Atık Geri Kazanım,"Hava Emisyon, Gürültü Kontrolü, Atıksu Deşarjı",İzin ve Lisans Belgesi,29.04.2022,2765
60,558556,287108556,DİLEK GERİ DÖNÜŞÜM VE ENTEGRE ATIK YÖNETİMİ ENDÜSTRİ TİCARET VE SANAYİ LİMİTED ŞİRKETİ,Sağlık Mah. 282 Sokak No:9 A-1 Merkez/KIRIKKALE,KIRIKKALE, Ömrünü Tamamlamış Araç Geçici Depolama,"Hava Emisyon, Gürültü Kontrolü, Atıksu Deşarjı",İzin ve Lisans Belgesi,29.04.2022,2765
61,558556,287108556,DİLEK GERİ DÖNÜŞÜM VE ENTEGRE ATIK YÖNETİMİ ENDÜSTRİ TİCARET VE SANAYİ LİMİTED ŞİRKETİ,Sağlık Mah. 282 Sokak No:9 A-1 Merkez/KIRIKKALE,KIRIKKALE, Hurda Metal /ÖTA İşleme,"Hava Emisyon, Gürültü Kontrolü, Atıksu Deşarjı",İzin ve Lisans Belgesi,29.04.2022,2765
62,558556,287108556,DİLEK GERİ DÖNÜŞÜM VE ENTEGRE ATIK YÖNETİMİ ENDÜSTRİ TİCARET VE SANAYİ LİMİTED ŞİRKETİ,Sağlık Mah. 282 Sokak No:9 A-1 Merkez/KIRIKKALE,KIRIKKALE, Atık Elektrikli ve Elektronik Eşya İşleme,"Hava Emisyon, Gürültü Kontrolü, Atıksu Deşarjı",İzin ve Lisans Belgesi,29.04.2022,2765
63,558556,287108556,DİLEK GERİ DÖNÜŞÜM VE ENTEGRE ATIK YÖNETİMİ ENDÜSTRİ TİCARET VE SANAYİ LİMİTED ŞİRKETİ,Sağlık Mah. 282 Sokak No:9 A-1 Merkez/KIRIKKALE,KIRIKKALE, PCB Arındırma,"Hava Emisyon, Gürültü Kontrolü, Atıksu Deşarjı",İzin ve Lisans Belgesi,29.04.2022,2765
64,558556,287108556,DİLEK GERİ DÖNÜŞÜM VE ENTEGRE ATIK YÖNETİMİ ENDÜSTRİ TİCARET VE SANAYİ LİMİTED ŞİRKETİ,Sağlık Mah. 282 Sokak No:9 A-1 Merkez/KIRIKKALE,KIRIKKALE, Atık Ara Depolama,"Hava Emisyon, Gürültü Kontrolü, Atıksu Deşarjı",İzin ve Lisans Belgesi,29.04.2022,2765
65,558556,287108556,DİLEK GERİ DÖNÜŞÜM VE ENTEGRE ATIK YÖNETİMİ ENDÜSTRİ TİCARET VE SANAYİ LİMİTED ŞİRKETİ,Sağlık Mah. 282 Sokak No:9 A-1 Merkez/KIRIKKALE,KIRIKKALE, Toplama Ayırma Tesisi,"Hava Emisyon, Gürültü Kontrolü, Atıksu Deşarjı",İzin ve Lisans Belgesi,29.04.2022,2765
66,558556,287108556,DİLEK GERİ DÖNÜŞÜM VE ENTEGRE ATIK YÖNETİMİ ENDÜSTRİ TİCARET VE SANAYİ LİMİTED ŞİRKETİ,Sağlık Mah. 282 Sokak No:9 A-1 Merkez/KIRIKKALE,KIRIKKALE, Tehlikesiz Atık Ön İşlem Tesisileri,"Hava Emisyon, Gürültü Kontrolü, Atıksu Deşarjı",İzin ve Lisans Belgesi,29.04.2022,2765
67,558222,280096342,KARAMAN KARDEŞLER METAL SANAYİ VE TİCARET LİMİTED ŞİRKETİ - SELİMPAŞA ŞUBESİ,"Selimpaşa Mah., 6205. Sok., No: 24 -, Silivri / İSTANBUL",İSTANBUL,Tehlikeli Atık Geri Kazanım,"Hava Emisyon, Gürültü Kontrolü, Atıksu Deşarjı",İzin ve Lisans Belgesi,27.04.2022,2765
68,558222,280096342,KARAMAN KARDEŞLER METAL SANAYİ VE TİCARET LİMİTED ŞİRKETİ - SELİMPAŞA ŞUBESİ,"Selimpaşa Mah., 6205. Sok., No: 24 -, Silivri / İSTANBUL",İSTANBUL, Tehlikesiz Atık Geri Kazanım,"Hava Emisyon, Gürültü Kontrolü, Atıksu Deşarjı",İzin ve Lisans Belgesi,27.04.2022,2765
69,558222,280096342,KARAMAN KARDEŞLER METAL SANAYİ VE TİCARET LİMİTED ŞİRKETİ - SELİMPAŞA ŞUBESİ,"Selimpaşa Mah., 6205. Sok., No: 24 -, Silivri / İSTANBUL",İSTANBUL, Tanker Temizleme,"Hava Emisyon, Gürültü Kontrolü, Atıksu Deşarjı",İzin ve Lisans Belgesi,27.04.2022,2765
70,558222,280096342,KARAMAN KARDEŞLER METAL SANAYİ VE TİCARET LİMİTED ŞİRKETİ - SELİMPAŞA ŞUBESİ,"Selimpaşa Mah., 6205. Sok., No: 24 -, Silivri / İSTANBUL",İSTANBUL, Hurda Metal /ÖTA İşleme,"Hava Emisyon, Gürültü Kontrolü, Atıksu Deşarjı",İzin ve Lisans Belgesi,27.04.2022,2765
71,558222,280096342,KARAMAN KARDEŞLER METAL SANAYİ VE TİCARET LİMİTED ŞİRKETİ - SELİMPAŞA ŞUBESİ,"Selimpaşa Mah., 6205. Sok., No: 24 -, Silivri / İSTANBUL",İSTANBUL, Atık Elektrikli ve Elektronik Eşya İşleme,"Hava Emisyon, Gürültü Kontrolü, Atıksu Deşarjı",İzin ve Lisans Belgesi,27.04.2022,2765
72,558222,280096342,KARAMAN KARDEŞLER METAL SANAYİ VE TİCARET LİMİTED ŞİRKETİ - SELİMPAŞA ŞUBESİ,"Selimpaşa Mah., 6205. Sok., No: 24 -, Silivri / İSTANBUL",İSTANBUL, PCB Arındırma,"Hava Emisyon, Gürültü Kontrolü, Atıksu Deşarjı",İzin ve Lisans Belgesi,27.04.2022,2765
73,558222,280096342,KARAMAN KARDEŞLER METAL SANAYİ VE TİCARET LİMİTED ŞİRKETİ - SELİMPAŞA ŞUBESİ,"Selimpaşa Mah., 6205. Sok., No: 24 -, Silivri / İSTANBUL",İSTANBUL, Atık Ara Depolama,"Hava Emisyon, Gürültü Kontrolü, Atıksu Deşarjı",İzin ve Lisans Belgesi,27.04.2022,2765
74,558222,280096342,KARAMAN KARDEŞLER METAL SANAYİ VE TİCARET LİMİTED ŞİRKETİ - SELİMPAŞA ŞUBESİ,"Selimpaşa Mah., 6205. Sok., No: 24 -, Silivri / İSTANBUL",İSTANBUL, Ambalaj Atığı Toplama ve Ayırma Tip ,"Hava Emisyon, Gürültü Kontrolü, Atıksu Deşarjı",İzin ve Lisans Belgesi,27.04.2022,2765
75,556675,275396608,CANER GERİ DÖNÜŞÜM METAL SANAYİ VE TİCARET LİMİTED ŞİRKETİ,Organize Sanayi Bölgesi Mahallesi 20 Nolu Yol Cadde No: 7 Bor/NİĞDE,NİĞDE,Tehlikeli Atık Geri Kazanım,"Hava Emisyon, Gürültü Kontrolü, Atıksu Deşarjı",İzin ve Lisans Belgesi,26.04.2022,2765
76,556675,275396608,CANER GERİ DÖNÜŞÜM METAL SANAYİ VE TİCARET LİMİTED ŞİRKETİ,Organize Sanayi Bölgesi Mahallesi 20 Nolu Yol Cadde No: 7 Bor/NİĞDE,NİĞDE, Tehlikesiz Atık Geri Kazanım,"Hava Emisyon, Gürültü Kontrolü, Atıksu Deşarjı",İzin ve Lisans Belgesi,26.04.2022,2765
77,556675,275396608,CANER GERİ DÖNÜŞÜM METAL SANAYİ VE TİCARET LİMİTED ŞİRKETİ,Organize Sanayi Bölgesi Mahallesi 20 Nolu Yol Cadde No: 7 Bor/NİĞDE,NİĞDE, Ambalaj Atığı Geri Kazanım,"Hava Emisyon, Gürültü Kontrolü, Atıksu Deşarjı",İzin ve Lisans Belgesi,26.04.2022,2765
78,556675,275396608,CANER GERİ DÖNÜŞÜM METAL SANAYİ VE TİCARET LİMİTED ŞİRKETİ,Organize Sanayi Bölgesi Mahallesi 20 Nolu Yol Cadde No: 7 Bor/NİĞDE,NİĞDE, Ömrünü Tamamlamış Araç Geçici Depolama,"Hava Emisyon, Gürültü Kontrolü, Atıksu Deşarjı",İzin ve Lisans Belgesi,26.04.2022,2765
79,556675,275396608,CANER GERİ DÖNÜŞÜM METAL SANAYİ VE TİCARET LİMİTED ŞİRKETİ,Organize Sanayi Bölgesi Mahallesi 20 Nolu Yol Cadde No: 7 Bor/NİĞDE,NİĞDE, Hurda Metal /ÖTA İşleme,"Hava Emisyon, Gürültü Kontrolü, Atıksu Deşarjı",İzin ve Lisans Belgesi,26.04.2022,2765
80,556675,275396608,CANER GERİ DÖNÜŞÜM METAL SANAYİ VE TİCARET LİMİTED ŞİRKETİ,Organize Sanayi Bölgesi Mahallesi 20 Nolu Yol Cadde No: 7 Bor/NİĞDE,NİĞDE, Atık Elektrikli ve Elektronik Eşya İşleme,"Hava Emisyon, Gürültü Kontrolü, Atıksu Deşarjı",İzin ve Lisans Belgesi,26.04.2022,2765
81,556675,275396608,CANER GERİ DÖNÜŞÜM METAL SANAYİ VE TİCARET LİMİTED ŞİRKETİ,Organize Sanayi Bölgesi Mahallesi 20 Nolu Yol Cadde No: 7 Bor/NİĞDE,NİĞDE, PCB Arındırma,"Hava Emisyon, Gürültü Kontrolü, Atıksu Deşarjı",İzin ve Lisans Belgesi,26.04.2022,2765
82,556675,275396608,CANER GERİ DÖNÜŞÜM METAL SANAYİ VE TİCARET LİMİTED ŞİRKETİ,Organize Sanayi Bölgesi Mahallesi 20 Nolu Yol Cadde No: 7 Bor/NİĞDE,NİĞDE, Atık Ara Depolama,"Hava Emisyon, Gürültü Kontrolü, Atıksu Deşarjı",İzin ve Lisans Belgesi,26.04.2022,2765
83,556675,275396608,CANER GERİ DÖNÜŞÜM METAL SANAYİ VE TİCARET LİMİTED ŞİRKETİ,Organize Sanayi Bölgesi Mahallesi 20 Nolu Yol Cadde No: 7 Bor/NİĞDE,NİĞDE, Ambalaj Atığı Toplama ve Ayırma Tip ,"Hava Emisyon, Gürültü Kontrolü, Atıksu Deşarjı",İzin ve Lisans Belgesi,26.04.2022,2765
84,513514,287146390,ULUGÖL DEĞERLİ MADENLER SANAYİ VE TİCARET LİMİTED ŞİRKETİ,"İKİTELLİ ORGANİZE SANAYİ BÖLGESİ MAHALLESİ ÇEVRE SANAYİ SİTESİ ÇEVRE 1. BLOK No:20 - 22, BAŞAKŞEHİR / İSTANBUL",İSTANBUL,Tehlikeli Atık Geri Kazanım,"Hava Emisyon, Gürültü Kontrolü, Atıksu Deşarjı",İzin ve Lisans Belgesi,03.03.2021,2765
85,513514,287146390,ULUGÖL DEĞERLİ MADENLER SANAYİ VE TİCARET LİMİTED ŞİRKETİ,"İKİTELLİ ORGANİZE SANAYİ BÖLGESİ MAHALLESİ ÇEVRE SANAYİ SİTESİ ÇEVRE 1. BLOK No:20 - 22, BAŞAKŞEHİR / İSTANBUL",İSTANBUL, Tehlikesiz Atık Geri Kazanım,"Hava Emisyon, Gürültü Kontrolü, Atıksu Deşarjı",İzin ve Lisans Belgesi,03.03.2021,2765
86,504437,275061944,AYTAÇ HANOĞLU ATIK YÖNETİMİ VE GERİ DÖNÜŞÜM SANAYİ VE TİCARET ANONİM ŞİRKETİ,Mahmutlu Mah. Mahmutlu Küme Evleri Küme Evler No: 213/2 Erzin/HATAY,HATAY,Tehlikeli Atık Geri Kazanım,"Hava Emisyon, Gürültü Kontrolü, Atıksu Deşarjı",İzin ve Lisans Belgesi,10.02.2021,2765
87,504437,275061944,AYTAÇ HANOĞLU ATIK YÖNETİMİ VE GERİ DÖNÜŞÜM SANAYİ VE TİCARET ANONİM ŞİRKETİ,Mahmutlu Mah. Mahmutlu Küme Evleri Küme Evler No: 213/2 Erzin/HATAY,HATAY, Tehlikesiz Atık Geri Kazanım,"Hava Emisyon, Gürültü Kontrolü, Atıksu Deşarjı",İzin ve Lisans Belgesi,10.02.2021,2765
88,504437,275061944,AYTAÇ HANOĞLU ATIK YÖNETİMİ VE GERİ DÖNÜŞÜM SANAYİ VE TİCARET ANONİM ŞİRKETİ,Mahmutlu Mah. Mahmutlu Küme Evleri Küme Evler No: 213/2 Erzin/HATAY,HATAY, Hurda Metal /ÖTA İşleme,"Hava Emisyon, Gürültü Kontrolü, Atıksu Deşarjı",İzin ve Lisans Belgesi,10.02.2021,2765
89,504437,275061944,AYTAÇ HANOĞLU ATIK YÖNETİMİ VE GERİ DÖNÜŞÜM SANAYİ VE TİCARET ANONİM ŞİRKETİ,Mahmutlu Mah. Mahmutlu Küme Evleri Küme Evler No: 213/2 Erzin/HATAY,HATAY, Atık Elektrikli ve Elektronik Eşya İşleme,"Hava Emisyon, Gürültü Kontrolü, Atıksu Deşarjı",İzin ve Lisans Belgesi,10.02.2021,2765
90,504437,275061944,AYTAÇ HANOĞLU ATIK YÖNETİMİ VE GERİ DÖNÜŞÜM SANAYİ VE TİCARET ANONİM ŞİRKETİ,Mahmutlu Mah. Mahmutlu Küme Evleri Küme Evler No: 213/2 Erzin/HATAY,HATAY, PCB Arındırma,"Hava Emisyon, Gürültü Kontrolü, Atıksu Deşarjı",İzin ve Lisans Belgesi,10.02.2021,2765
91,504437,275061944,AYTAÇ HANOĞLU ATIK YÖNETİMİ VE GERİ DÖNÜŞÜM SANAYİ VE TİCARET ANONİM ŞİRKETİ,Mahmutlu Mah. Mahmutlu Küme Evleri Küme Evler No: 213/2 Erzin/HATAY,HATAY, Atıktan Türetilmiş Yakıt (ATY) Hazırlama Tesisi,"Hava Emisyon, Gürültü Kontrolü, Atıksu Deşarjı",İzin ve Lisans Belgesi,10.02.2021,2765
92,512777,226035996,KARABAY KUYUM.İNŞ.SAN.VE TİC.LTD.ŞTİ.,"İkitelli OSB Mah. Çevre Sanayi Sitesi 2.Blok No:28, BAŞAKŞEHİR / İSTANBUL",İSTANBUL,Tehlikeli Atık Geri Kazanım,"Hava Emisyon, Gürültü Kontrolü, Atıksu Deşarjı",İzin ve Lisans Belgesi,16.02.2021,2765
93,512777,226035996,KARABAY KUYUM.İNŞ.SAN.VE TİC.LTD.ŞTİ.,"İkitelli OSB Mah. Çevre Sanayi Sitesi 2.Blok No:28, BAŞAKŞEHİR / İSTANBUL",İSTANBUL, Tehlikesiz Atık Geri Kazanım,"Hava Emisyon, Gürültü Kontrolü, Atıksu Deşarjı",İzin ve Lisans Belgesi,16.02.2021,2765
94,493718,276241710,ÇELİKLER KONTEYNER ATIK YÖN.ELEKTR. ELEKTRİK İNŞ.NAKL. SAN. VE TİC.LTD.ŞTİ - SARAYKENT ŞUBESİ,"SARAY Mahallesi, 128 CADDE, No:13-, KAHRAMANKAZAN / ANKARA",ANKARA,Atık Ara Depolama,"Hava Emisyon, Gürültü Kontrolü, Atıksu Deşarjı",İzin ve Lisans Belgesi,01.02.2021,2765
95,511592,287016082,GÜRSOY İZABELİK GERİ DÖNÜŞÜM METAL NAKLİYAT İNŞAAT TİCARET LİMİTED ŞİRKETİ - ARA Depolama ŞUBESİ,"SARAY Mahallesi, 127 CADDE, No: 14 -1, KAHRAMANKAZAN / ANKARA",ANKARA,Atık Ara Depolama,"Hava Emisyon, Gürültü Kontrolü, Atıksu Deşarjı",İzin ve Lisans Belgesi,25.01.2021,2765
96,507469,256944954,FATİH DEMİRÖZ - UZMAN RAMAT,"İKİTELLİ OSB Mahallesi, CİLA VE NİKELAJCILAR A BLOK SOKAK, No: 12-1/1, BAŞAKŞEHİR / İSTANBUL",İSTANBUL,Tehlikeli Atık Geri Kazanım,"Hava Emisyon, Gürültü Kontrolü, Atıksu Deşarjı",İzin ve Lisans Belgesi,03.12.2020,2765
97,507469,256944954,FATİH DEMİRÖZ - UZMAN RAMAT,"İKİTELLİ OSB Mahallesi, CİLA VE NİKELAJCILAR A BLOK SOKAK, No: 12-1/1, BAŞAKŞEHİR / İSTANBUL",İSTANBUL, Tehlikesiz Atık Geri Kazanım,"Hava Emisyon, Gürültü Kontrolü, Atıksu Deşarjı",İzin ve Lisans Belgesi,03.12.2020,2765
98,554970,227586594,AYDINLAR İZABE GERİ DÖNÜŞÜM İNŞAAT NAKLİYAT TİCARET SANAYİ LİMİTED ŞİRKETİ,"Saray Mah., Nazım Ercan Bulvar, No: 79-, Kahramankazan ANKARA",ANKARA,Tehlikeli Atık Geri Kazanım,"Hava Emisyon, Gürültü Kontrolü, Atıksu Deşarjı",İzin ve Lisans Belgesi,29.04.2022,2765
99,554970,227586594,AYDINLAR İZABE GERİ DÖNÜŞÜM İNŞAAT NAKLİYAT TİCARET SANAYİ LİMİTED ŞİRKETİ,"Saray Mah., Nazım Ercan Bulvar, No: 79-, Kahramankazan ANKARA",ANKARA, Ömrünü Tamamlamış Araç Geçici Depolama,"Hava Emisyon, Gürültü Kontrolü, Atıksu Deşarjı",İzin ve Lisans Belgesi,29.04.2022,2765
100,554970,227586594,AYDINLAR İZABE GERİ DÖNÜŞÜM İNŞAAT NAKLİYAT TİCARET SANAYİ LİMİTED ŞİRKETİ,"Saray Mah., Nazım Ercan Bulvar, No: 79-, Kahramankazan ANKARA",ANKARA, Atık Elektrikli ve Elektronik Eşya İşleme,"Hava Emisyon, Gürültü Kontrolü, Atıksu Deşarjı",İzin ve Lisans Belgesi,29.04.2022,2765
101,554970,227586594,AYDINLAR İZABE GERİ DÖNÜŞÜM İNŞAAT NAKLİYAT TİCARET SANAYİ LİMİTED ŞİRKETİ,"Saray Mah., Nazım Ercan Bulvar, No: 79-, Kahramankazan ANKARA",ANKARA, PCB Arındırma,"Hava Emisyon, Gürültü Kontrolü, Atıksu Deşarjı",İzin ve Lisans Belgesi,29.04.2022,2765
102,554970,227586594,AYDINLAR İZABE GERİ DÖNÜŞÜM İNŞAAT NAKLİYAT TİCARET SANAYİ LİMİTED ŞİRKETİ,"Saray Mah., Nazım Ercan Bulvar, No: 79-, Kahramankazan ANKARA",ANKARA, Atık Ara Depolama,"Hava Emisyon, Gürültü Kontrolü, Atıksu Deşarjı",İzin ve Lisans Belgesi,29.04.2022,2765
103,494772,278596704,ALİAĞA BELEDİYESİ PETROL ANONİM ŞİRKETİ - MANİSA ŞUBESİ,"EVRENOS MAHALLESİ, EVRANOS KÜME EVLER, No:51-, YUNUSEMRE / MANİSA",MANİSA,Atık Ara Depolama,"Hava Emisyon, Gürültü Kontrolü, Atıksu Deşarjı",İzin ve Lisans Belgesi,24.09.2020,2765
104,491709,223641042,SON-KA GERİ DÖNÜŞÜMVE BERTERAF MÜŞV.MAK.LOJİSTİK LTD.ŞTİ.,Keresteciler Sanayi Sitesi 1. Cadde No:3-5 Saray Kahramankazan/ANKARA,ANKARA,Tehlikeli Atık Geri Kazanım,"Hava Emisyon, Gürültü Kontrolü, Atıksu Deşarjı",İzin ve Lisans Belgesi,21.10.2020,2765
105,491709,223641042,SON-KA GERİ DÖNÜŞÜMVE BERTERAF MÜŞV.MAK.LOJİSTİK LTD.ŞTİ.,Keresteciler Sanayi Sitesi 1. Cadde No:3-5 Saray Kahramankazan/ANKARA,ANKARA, Tehlikesiz Atık Geri Kazanım,"Hava Emisyon, Gürültü Kontrolü, Atıksu Deşarjı",İzin ve Lisans Belgesi,21.10.2020,2765
106,535823,224432254,MAKİNE VE KİMYA ENDÜSTRİSİ ANONİM ŞİRKETİ KIRIKKALE GERİ DÖNÜŞÜM ŞUBESİ,"FABRİKALAR Mahallesi, HURDALIK CADDE, No: 49 -1, MERKEZ, KIRIKKALE, Türkiye",KIRIKKALE,Ömrünü Tamamlamış Araç Geçici Depolama,"Hava Emisyon, Gürültü Kontrolü, Atıksu Deşarjı",İzin ve Lisans Belgesi,28.09.2021,2765
107,535823,224432254,MAKİNE VE KİMYA ENDÜSTRİSİ ANONİM ŞİRKETİ KIRIKKALE GERİ DÖNÜŞÜM ŞUBESİ,"FABRİKALAR Mahallesi, HURDALIK CADDE, No: 49 -1, MERKEZ, KIRIKKALE, Türkiye",KIRIKKALE, Hurda Metal /ÖTA İşleme,"Hava Emisyon, Gürültü Kontrolü, Atıksu Deşarjı",İzin ve Lisans Belgesi,28.09.2021,2765
108,535823,224432254,MAKİNE VE KİMYA ENDÜSTRİSİ ANONİM ŞİRKETİ KIRIKKALE GERİ DÖNÜŞÜM ŞUBESİ,"FABRİKALAR Mahallesi, HURDALIK CADDE, No: 49 -1, MERKEZ, KIRIKKALE, Türkiye",KIRIKKALE, Atık Ara Depolama,"Hava Emisyon, Gürültü Kontrolü, Atıksu Deşarjı",İzin ve Lisans Belgesi,28.09.2021,2765
109,492956,222447124,KORUMA KLOR ALKALİ SANAYİ VE TİCARET ANONİM ŞİRKETİ,"MENDERES Mahallesi, 898 SOKAK, No:6-6, KIRIKHAN / HATAY",HATAY,Tehlikeli Atık Geri Kazanım,"Hava Emisyon, Gürültü Kontrolü, Atıksu Deşarjı",İzin ve Lisans Belgesi,23.09.2020,2765
110,492956,222447124,KORUMA KLOR ALKALİ SANAYİ VE TİCARET ANONİM ŞİRKETİ,"MENDERES Mahallesi, 898 SOKAK, No:6-6, KIRIKHAN / HATAY",HATAY, Tehlikesiz Atık Geri Kazanım,"Hava Emisyon, Gürültü Kontrolü, Atıksu Deşarjı",İzin ve Lisans Belgesi,23.09.2020,2765
111,497401,249813940,ÖZLEM RAMAT VE KUYUMCULUK-MEHMET KIVRAK,"İkitelli Organize Sanayi Bölgesi Çevre Sanayi Sitesi 2. Blok No:14-16, BAŞAKŞEHİR/İSTANBUL",İSTANBUL,Tehlikeli Atık Geri Kazanım,"Hava Emisyon, Gürültü Kontrolü, Atıksu Deşarjı",İzin ve Lisans Belgesi,28.08.2020,2765
112,497401,249813940,ÖZLEM RAMAT VE KUYUMCULUK-MEHMET KIVRAK,"İkitelli Organize Sanayi Bölgesi Çevre Sanayi Sitesi 2. Blok No:14-16, BAŞAKŞEHİR/İSTANBUL",İSTANBUL, Tehlikesiz Atık Geri Kazanım,"Hava Emisyon, Gürültü Kontrolü, Atıksu Deşarjı",İzin ve Lisans Belgesi,28.08.2020,2765
113,531048,227030846,RDF KONTAMİNE ATIK BERTARAF VE GERİ KAZANIM SANAYİ TİCARET ANONİM ŞİRKETİ Depolama ŞUBESİ,"KARADENİZLİLER Mahallesi, BAŞYİĞİT CADDE, No:166-, BAŞİSKELE / KOCAELİ",KOCAELİ,Atık Ara Depolama,"Hava Emisyon, Gürültü Kontrolü, Atıksu Deşarjı",İzin ve Lisans Belgesi,10.08.2021,2765
114,521034,249804838,SABUR RAMAT - ÖZGÜR KURŞUN,"İKİTELLİ OSB Mahallesi, ÇEVRE 3. BLOK SOKAK, No:11-11, BAŞAKŞEHİR / İSTANBUL",İSTANBUL,Tehlikeli Atık Geri Kazanım,"Hava Emisyon, Gürültü Kontrolü, Atıksu Deşarjı",İzin ve Lisans Belgesi,16.06.2021,2765
115,521034,249804838,SABUR RAMAT - ÖZGÜR KURŞUN,"İKİTELLİ OSB Mahallesi, ÇEVRE 3. BLOK SOKAK, No:11-11, BAŞAKŞEHİR / İSTANBUL",İSTANBUL, Tehlikesiz Atık Geri Kazanım,"Hava Emisyon, Gürültü Kontrolü, Atıksu Deşarjı",İzin ve Lisans Belgesi,16.06.2021,2765
116,533046,223528350,KESKİN RAMAT VE KUYUMCULUK TİCARET LİMİTED ŞİRKETİ,"İKİTELLİ OSB Mahallesi, ÇEVRE 3. BLOK SOKAK, No:7-7, BAŞAKŞEHİR/İSTANBUL",İSTANBUL,Tehlikeli Atık Geri Kazanım,"Hava Emisyon, Gürültü Kontrolü, Atıksu Deşarjı",İzin ve Lisans Belgesi,30.09.2021,2765
117,533046,223528350,KESKİN RAMAT VE KUYUMCULUK TİCARET LİMİTED ŞİRKETİ,"İKİTELLİ OSB Mahallesi, ÇEVRE 3. BLOK SOKAK, No:7-7, BAŞAKŞEHİR/İSTANBUL",İSTANBUL, Tehlikesiz Atık Geri Kazanım,"Hava Emisyon, Gürültü Kontrolü, Atıksu Deşarjı",İzin ve Lisans Belgesi,30.09.2021,2765
118,487825,270329902,BURHAN GERİ DÖNÜŞÜM NAKLİYAT İNŞAAT SANAYİ VE TİCARET LİMİTED ŞİRKETİ - KAHRAMANKAZAN ŞUBESİ,Dağyaka Mah. 2047 Cad. No: 8 Kahramankazan / ANKARA,ANKARA,PCB Arındırma,"Hava Emisyon, Gürültü Kontrolü, Atıksu Deşarjı",İzin ve Lisans Belgesi,15.05.2020,2765
119,487825,270329902,BURHAN GERİ DÖNÜŞÜM NAKLİYAT İNŞAAT SANAYİ VE TİCARET LİMİTED ŞİRKETİ - KAHRAMANKAZAN ŞUBESİ,Dağyaka Mah. 2047 Cad. No: 8 Kahramankazan / ANKARA,ANKARA, Atık Ara Depolama,"Hava Emisyon, Gürültü Kontrolü, Atıksu Deşarjı",İzin ve Lisans Belgesi,15.05.2020,2765
120,519252,234080254,TOROSLAR ATIK Depolama GERİ DÖNÜŞÜM VE İNŞAAT TAAHHÜT SANAYİ TİCARET LİMİTED ŞİRKETİ.,"Sarıhamzalı Mahallesi, 47011 Sokak, No:11 A-, Seyhan / ADANA",ADANA,Tehlikeli Atık Geri Kazanım,"Hava Emisyon, Gürültü Kontrolü, Atıksu Deşarjı",İzin ve Lisans Belgesi,17.02.2021,2765
121,519252,234080254,TOROSLAR ATIK Depolama GERİ DÖNÜŞÜM VE İNŞAAT TAAHHÜT SANAYİ TİCARET LİMİTED ŞİRKETİ.,"Sarıhamzalı Mahallesi, 47011 Sokak, No:11 A-, Seyhan / ADANA",ADANA, Tehlikesiz Atık Geri Kazanım,"Hava Emisyon, Gürültü Kontrolü, Atıksu Deşarjı",İzin ve Lisans Belgesi,17.02.2021,2765
122,519252,234080254,TOROSLAR ATIK Depolama GERİ DÖNÜŞÜM VE İNŞAAT TAAHHÜT SANAYİ TİCARET LİMİTED ŞİRKETİ.,"Sarıhamzalı Mahallesi, 47011 Sokak, No:11 A-, Seyhan / ADANA",ADANA, Ambalaj Atığı Geri Kazanım,"Hava Emisyon, Gürültü Kontrolü, Atıksu Deşarjı",İzin ve Lisans Belgesi,17.02.2021,2765
123,519252,234080254,TOROSLAR ATIK Depolama GERİ DÖNÜŞÜM VE İNŞAAT TAAHHÜT SANAYİ TİCARET LİMİTED ŞİRKETİ.,"Sarıhamzalı Mahallesi, 47011 Sokak, No:11 A-, Seyhan / ADANA",ADANA, Hurda Metal /ÖTA İşleme,"Hava Emisyon, Gürültü Kontrolü, Atıksu Deşarjı",İzin ve Lisans Belgesi,17.02.2021,2765
124,519252,234080254,TOROSLAR ATIK Depolama GERİ DÖNÜŞÜM VE İNŞAAT TAAHHÜT SANAYİ TİCARET LİMİTED ŞİRKETİ.,"Sarıhamzalı Mahallesi, 47011 Sokak, No:11 A-, Seyhan / ADANA",ADANA, Atık Elektrikli ve Elektronik Eşya İşleme,"Hava Emisyon, Gürültü Kontrolü, Atıksu Deşarjı",İzin ve Lisans Belgesi,17.02.2021,2765
125,519252,234080254,TOROSLAR ATIK Depolama GERİ DÖNÜŞÜM VE İNŞAAT TAAHHÜT SANAYİ TİCARET LİMİTED ŞİRKETİ.,"Sarıhamzalı Mahallesi, 47011 Sokak, No:11 A-, Seyhan / ADANA",ADANA, PCB Arındırma,"Hava Emisyon, Gürültü Kontrolü, Atıksu Deşarjı",İzin ve Lisans Belgesi,17.02.2021,2765
126,519252,234080254,TOROSLAR ATIK Depolama GERİ DÖNÜŞÜM VE İNŞAAT TAAHHÜT SANAYİ TİCARET LİMİTED ŞİRKETİ.,"Sarıhamzalı Mahallesi, 47011 Sokak, No:11 A-, Seyhan / ADANA",ADANA, Atık Ara Depolama,"Hava Emisyon, Gürültü Kontrolü, Atıksu Deşarjı",İzin ve Lisans Belgesi,17.02.2021,2765
127,486957,261890152,ERMETAL GERİ DÖNÜŞÜM SANAYİ VE TİCARET LİMİTED ŞİRKETİ TEHLİKELİ ATIK ARA Depolama ŞUBESİ,Hacıeyüplü Mah. 3162 Sokak No:23/B1 Merkezefendi/DENİZLİ,DENİZLİ,Atık Elektrikli ve Elektronik Eşya İşleme,"Hava Emisyon, Gürültü Kontrolü, Atıksu Deşarjı",İzin ve Lisans Belgesi,20.05.2020,2765
128,486957,261890152,ERMETAL GERİ DÖNÜŞÜM SANAYİ VE TİCARET LİMİTED ŞİRKETİ TEHLİKELİ ATIK ARA Depolama ŞUBESİ,Hacıeyüplü Mah. 3162 Sokak No:23/B1 Merkezefendi/DENİZLİ,DENİZLİ, Atık Ara Depolama,"Hava Emisyon, Gürültü Kontrolü, Atıksu Deşarjı",İzin ve Lisans Belgesi,20.05.2020,2765
129,494568,222631242,NADİR METAL RAFİNERİ SANAYİ VE TİCARET ANONİM ŞİRKETİ,"AKÇABURGAZ Mahallesi, 3114. SOKAK, No: 6-, ESENYURT/İSTANBUL",İSTANBUL,Tehlikeli Atık Geri Kazanım,"Hava Emisyon, Gürültü Kontrolü, Atıksu Deşarjı",İzin ve Lisans Belgesi,07.05.2020,2765
130,494568,222631242,NADİR METAL RAFİNERİ SANAYİ VE TİCARET ANONİM ŞİRKETİ,"AKÇABURGAZ Mahallesi, 3114. SOKAK, No: 6-, ESENYURT/İSTANBUL",İSTANBUL, Tehlikesiz Atık Geri Kazanım,"Hava Emisyon, Gürültü Kontrolü, Atıksu Deşarjı",İzin ve Lisans Belgesi,07.05.2020,2765
131,480236,260554530,TURYAM GERİ KAZANIM ATIKTAN TÜRETİLMİŞ YAKIT Depolama LOJİSTİK PETROL ÜRÜNLERİ İNŞAAT MEDİKAL TURİZM SANAYİ VE TİCARET LİMİTED ŞİRKETİ,"Ferahimşalvuz Mahallesi, 1627 Sokak, No: 4A - 4B, TARSUS/MERSİN",MERSİN,Tehlikeli Atık Geri Kazanım,"Hava Emisyon, Gürültü Kontrolü, Atıksu Deşarjı",İzin ve Lisans Belgesi,04.03.2020,2765
132,480236,260554530,TURYAM GERİ KAZANIM ATIKTAN TÜRETİLMİŞ YAKIT Depolama LOJİSTİK PETROL ÜRÜNLERİ İNŞAAT MEDİKAL TURİZM SANAYİ VE TİCARET LİMİTED ŞİRKETİ,"Ferahimşalvuz Mahallesi, 1627 Sokak, No: 4A - 4B, TARSUS/MERSİN",MERSİN, Tehlikesiz Atık Geri Kazanım,"Hava Emisyon, Gürültü Kontrolü, Atıksu Deşarjı",İzin ve Lisans Belgesi,04.03.2020,2765
133,480236,260554530,TURYAM GERİ KAZANIM ATIKTAN TÜRETİLMİŞ YAKIT Depolama LOJİSTİK PETROL ÜRÜNLERİ İNŞAAT MEDİKAL TURİZM SANAYİ VE TİCARET LİMİTED ŞİRKETİ,"Ferahimşalvuz Mahallesi, 1627 Sokak, No: 4A - 4B, TARSUS/MERSİN",MERSİN, Atık Elektrikli ve Elektronik Eşya İşleme,"Hava Emisyon, Gürültü Kontrolü, Atıksu Deşarjı",İzin ve Lisans Belgesi,04.03.2020,2765
134,480236,260554530,TURYAM GERİ KAZANIM ATIKTAN TÜRETİLMİŞ YAKIT Depolama LOJİSTİK PETROL ÜRÜNLERİ İNŞAAT MEDİKAL TURİZM SANAYİ VE TİCARET LİMİTED ŞİRKETİ,"Ferahimşalvuz Mahallesi, 1627 Sokak, No: 4A - 4B, TARSUS/MERSİN",MERSİN, Atık Ara Depolama,"Hava Emisyon, Gürültü Kontrolü, Atıksu Deşarjı",İzin ve Lisans Belgesi,04.03.2020,2765
135,480236,260554530,TURYAM GERİ KAZANIM ATIKTAN TÜRETİLMİŞ YAKIT Depolama LOJİSTİK PETROL ÜRÜNLERİ İNŞAAT MEDİKAL TURİZM SANAYİ VE TİCARET LİMİTED ŞİRKETİ,"Ferahimşalvuz Mahallesi, 1627 Sokak, No: 4A - 4B, TARSUS/MERSİN",MERSİN, Atıktan Türetilmiş Yakıt (ATY) Hazırlama Tesisi,"Hava Emisyon, Gürültü Kontrolü, Atıksu Deşarjı",İzin ve Lisans Belgesi,04.03.2020,2765
136,488464,231193256,EKOVAR ÇEVRE GRUP GERİ DÖNÜŞÜM ATIK Depolama İNŞAAT TAAHHÜT SANAYİ VE TİCARET ANONİM ŞİRKETİ,"İNCİRLİK Mahallesi, İNCİRLİK KÜME EVLER, No: 70 C-, SİNCAN/ANKARA",ANKARA,Atık Ara Depolama,"Hava Emisyon, Gürültü Kontrolü, Atıksu Deşarjı",İzin ve Lisans Belgesi,23.12.2019,2765
137,502432,261819254,HAŞİMOĞLU ÇEVRE ENTEGRE ATIK YÖNETİMİ GERİ DÖNÜŞÜM MADENCİLİK TAŞIMACILIK İNŞAAT GIDA TURİZM TEKSTİL OTOMOTİV PETROL ISITMA SOĞUTMA DOĞALGAZ SİSTEMLERİ TİCARET VE SANAYİ ANONİM ŞİRKETİ,"Acırlı Mahallesi, Mardin Caddesi, No:190-1, Midyat/MARDİN",MARDİN,Tehlikeli Atık Geri Kazanım,"Hava Emisyon, Gürültü Kontrolü, Atıksu Deşarjı",İzin ve Lisans Belgesi,08.07.2020,2765
138,502432,261819254,HAŞİMOĞLU ÇEVRE ENTEGRE ATIK YÖNETİMİ GERİ DÖNÜŞÜM MADENCİLİK TAŞIMACILIK İNŞAAT GIDA TURİZM TEKSTİL OTOMOTİV PETROL ISITMA SOĞUTMA DOĞALGAZ SİSTEMLERİ TİCARET VE SANAYİ ANONİM ŞİRKETİ,"Acırlı Mahallesi, Mardin Caddesi, No:190-1, Midyat/MARDİN",MARDİN, Tehlikesiz Atık Geri Kazanım,"Hava Emisyon, Gürültü Kontrolü, Atıksu Deşarjı",İzin ve Lisans Belgesi,08.07.2020,2765
139,502432,261819254,HAŞİMOĞLU ÇEVRE ENTEGRE ATIK YÖNETİMİ GERİ DÖNÜŞÜM MADENCİLİK TAŞIMACILIK İNŞAAT GIDA TURİZM TEKSTİL OTOMOTİV PETROL ISITMA SOĞUTMA DOĞALGAZ SİSTEMLERİ TİCARET VE SANAYİ ANONİM ŞİRKETİ,"Acırlı Mahallesi, Mardin Caddesi, No:190-1, Midyat/MARDİN",MARDİN, Ömrünü Tamamlamış Lastik Geri Kazanım,"Hava Emisyon, Gürültü Kontrolü, Atıksu Deşarjı",İzin ve Lisans Belgesi,08.07.2020,2765
140,502432,261819254,HAŞİMOĞLU ÇEVRE ENTEGRE ATIK YÖNETİMİ GERİ DÖNÜŞÜM MADENCİLİK TAŞIMACILIK İNŞAAT GIDA TURİZM TEKSTİL OTOMOTİV PETROL ISITMA SOĞUTMA DOĞALGAZ SİSTEMLERİ TİCARET VE SANAYİ ANONİM ŞİRKETİ,"Acırlı Mahallesi, Mardin Caddesi, No:190-1, Midyat/MARDİN",MARDİN, Ambalaj Atığı Geri Kazanım,"Hava Emisyon, Gürültü Kontrolü, Atıksu Deşarjı",İzin ve Lisans Belgesi,08.07.2020,2765
141,502432,261819254,HAŞİMOĞLU ÇEVRE ENTEGRE ATIK YÖNETİMİ GERİ DÖNÜŞÜM MADENCİLİK TAŞIMACILIK İNŞAAT GIDA TURİZM TEKSTİL OTOMOTİV PETROL ISITMA SOĞUTMA DOĞALGAZ SİSTEMLERİ TİCARET VE SANAYİ ANONİM ŞİRKETİ,"Acırlı Mahallesi, Mardin Caddesi, No:190-1, Midyat/MARDİN",MARDİN, Ömrünü Tamamlamış Araç Geçici Depolama,"Hava Emisyon, Gürültü Kontrolü, Atıksu Deşarjı",İzin ve Lisans Belgesi,08.07.2020,2765
142,502432,261819254,HAŞİMOĞLU ÇEVRE ENTEGRE ATIK YÖNETİMİ GERİ DÖNÜŞÜM MADENCİLİK TAŞIMACILIK İNŞAAT GIDA TURİZM TEKSTİL OTOMOTİV PETROL ISITMA SOĞUTMA DOĞALGAZ SİSTEMLERİ TİCARET VE SANAYİ ANONİM ŞİRKETİ,"Acırlı Mahallesi, Mardin Caddesi, No:190-1, Midyat/MARDİN",MARDİN, Tanker Temizleme,"Hava Emisyon, Gürültü Kontrolü, Atıksu Deşarjı",İzin ve Lisans Belgesi,08.07.2020,2765
143,502432,261819254,HAŞİMOĞLU ÇEVRE ENTEGRE ATIK YÖNETİMİ GERİ DÖNÜŞÜM MADENCİLİK TAŞIMACILIK İNŞAAT GIDA TURİZM TEKSTİL OTOMOTİV PETROL ISITMA SOĞUTMA DOĞALGAZ SİSTEMLERİ TİCARET VE SANAYİ ANONİM ŞİRKETİ,"Acırlı Mahallesi, Mardin Caddesi, No:190-1, Midyat/MARDİN",MARDİN, Hurda Metal /ÖTA İşleme,"Hava Emisyon, Gürültü Kontrolü, Atıksu Deşarjı",İzin ve Lisans Belgesi,08.07.2020,2765
144,502432,261819254,HAŞİMOĞLU ÇEVRE ENTEGRE ATIK YÖNETİMİ GERİ DÖNÜŞÜM MADENCİLİK TAŞIMACILIK İNŞAAT GIDA TURİZM TEKSTİL OTOMOTİV PETROL ISITMA SOĞUTMA DOĞALGAZ SİSTEMLERİ TİCARET VE SANAYİ ANONİM ŞİRKETİ,"Acırlı Mahallesi, Mardin Caddesi, No:190-1, Midyat/MARDİN",MARDİN, Atık Elektrikli ve Elektronik Eşya İşleme,"Hava Emisyon, Gürültü Kontrolü, Atıksu Deşarjı",İzin ve Lisans Belgesi,08.07.2020,2765
145,502432,261819254,HAŞİMOĞLU ÇEVRE ENTEGRE ATIK YÖNETİMİ GERİ DÖNÜŞÜM MADENCİLİK TAŞIMACILIK İNŞAAT GIDA TURİZM TEKSTİL OTOMOTİV PETROL ISITMA SOĞUTMA DOĞALGAZ SİSTEMLERİ TİCARET VE SANAYİ ANONİM ŞİRKETİ,"Acırlı Mahallesi, Mardin Caddesi, No:190-1, Midyat/MARDİN",MARDİN, PCB Arındırma,"Hava Emisyon, Gürültü Kontrolü, Atıksu Deşarjı",İzin ve Lisans Belgesi,08.07.2020,2765
146,502432,261819254,HAŞİMOĞLU ÇEVRE ENTEGRE ATIK YÖNETİMİ GERİ DÖNÜŞÜM MADENCİLİK TAŞIMACILIK İNŞAAT GIDA TURİZM TEKSTİL OTOMOTİV PETROL ISITMA SOĞUTMA DOĞALGAZ SİSTEMLERİ TİCARET VE SANAYİ ANONİM ŞİRKETİ,"Acırlı Mahallesi, Mardin Caddesi, No:190-1, Midyat/MARDİN",MARDİN, Atık Ara Depolama,"Hava Emisyon, Gürültü Kontrolü, Atıksu Deşarjı",İzin ve Lisans Belgesi,08.07.2020,2765
147,502432,261819254,HAŞİMOĞLU ÇEVRE ENTEGRE ATIK YÖNETİMİ GERİ DÖNÜŞÜM MADENCİLİK TAŞIMACILIK İNŞAAT GIDA TURİZM TEKSTİL OTOMOTİV PETROL ISITMA SOĞUTMA DOĞALGAZ SİSTEMLERİ TİCARET VE SANAYİ ANONİM ŞİRKETİ,"Acırlı Mahallesi, Mardin Caddesi, No:190-1, Midyat/MARDİN",MARDİN, Atıktan Türetilmiş Yakıt (ATY) Hazırlama Tesisi,"Hava Emisyon, Gürültü Kontrolü, Atıksu Deşarjı",İzin ve Lisans Belgesi,08.07.2020,2765
148,502432,261819254,HAŞİMOĞLU ÇEVRE ENTEGRE ATIK YÖNETİMİ GERİ DÖNÜŞÜM MADENCİLİK TAŞIMACILIK İNŞAAT GIDA TURİZM TEKSTİL OTOMOTİV PETROL ISITMA SOĞUTMA DOĞALGAZ SİSTEMLERİ TİCARET VE SANAYİ ANONİM ŞİRKETİ,"Acırlı Mahallesi, Mardin Caddesi, No:190-1, Midyat/MARDİN",MARDİN, Ambalaj Atığı Toplama ve Ayırma Tip ,"Hava Emisyon, Gürültü Kontrolü, Atıksu Deşarjı",İzin ve Lisans Belgesi,08.07.2020,2765
149,546377,223316748,POLEN BOYA KİMYEVİ MADDE İNŞAAT HAFRİYAT NAKLİYAT TEMİZLİK İMALAT İTHALAT İHRACAT SANAYİ VE TİCARET LİMİTED ŞİRKETİ,"KARADENİZLİLER Mahallesi, FAKÜLTE CADDE, No:167-, BAŞİSKELE/KOCAELİ",KOCAELİ,Tehlikeli Atık Geri Kazanım,"Hava Emisyon, Gürültü Kontrolü, Atıksu Deşarjı",İzin ve Lisans Belgesi,12.01.2022,2765
150,546377,223316748,POLEN BOYA KİMYEVİ MADDE İNŞAAT HAFRİYAT NAKLİYAT TEMİZLİK İMALAT İTHALAT İHRACAT SANAYİ VE TİCARET LİMİTED ŞİRKETİ,"KARADENİZLİLER Mahallesi, FAKÜLTE CADDE, No:167-, BAŞİSKELE/KOCAELİ",KOCAELİ, Tehlikesiz Atık Geri Kazanım,"Hava Emisyon, Gürültü Kontrolü, Atıksu Deşarjı",İzin ve Lisans Belgesi,12.01.2022,2765
151,546377,223316748,POLEN BOYA KİMYEVİ MADDE İNŞAAT HAFRİYAT NAKLİYAT TEMİZLİK İMALAT İTHALAT İHRACAT SANAYİ VE TİCARET LİMİTED ŞİRKETİ,"KARADENİZLİLER Mahallesi, FAKÜLTE CADDE, No:167-, BAŞİSKELE/KOCAELİ",KOCAELİ, Tanker Temizleme,"Hava Emisyon, Gürültü Kontrolü, Atıksu Deşarjı",İzin ve Lisans Belgesi,12.01.2022,2765
152,508494,222777838,ER METAL MADENCİLİK SANAYİ VE TİCARET LİMİTED ŞİRKET - ACIGÖL ŞUBESİ,"Nevşehir Mah., No: 1-, Acıgöl/NEVŞEHİR",NEVŞEHİR,Tehlikeli Atık Geri Kazanım,"Hava Emisyon, Gürültü Kontrolü, Atıksu Deşarjı",İzin ve Lisans Belgesi,24.03.2021,2765
153,508494,222777838,ER METAL MADENCİLİK SANAYİ VE TİCARET LİMİTED ŞİRKET - ACIGÖL ŞUBESİ,"Nevşehir Mah., No: 1-, Acıgöl/NEVŞEHİR",NEVŞEHİR, Tehlikesiz Atık Geri Kazanım,"Hava Emisyon, Gürültü Kontrolü, Atıksu Deşarjı",İzin ve Lisans Belgesi,24.03.2021,2765
154,508494,222777838,ER METAL MADENCİLİK SANAYİ VE TİCARET LİMİTED ŞİRKET - ACIGÖL ŞUBESİ,"Nevşehir Mah., No: 1-, Acıgöl/NEVŞEHİR",NEVŞEHİR, Atık Elektrikli ve Elektronik Eşya İşleme,"Hava Emisyon, Gürültü Kontrolü, Atıksu Deşarjı",İzin ve Lisans Belgesi,24.03.2021,2765
155,508494,222777838,ER METAL MADENCİLİK SANAYİ VE TİCARET LİMİTED ŞİRKET - ACIGÖL ŞUBESİ,"Nevşehir Mah., No: 1-, Acıgöl/NEVŞEHİR",NEVŞEHİR, PCB Arındırma,"Hava Emisyon, Gürültü Kontrolü, Atıksu Deşarjı",İzin ve Lisans Belgesi,24.03.2021,2765
156,508494,222777838,ER METAL MADENCİLİK SANAYİ VE TİCARET LİMİTED ŞİRKET - ACIGÖL ŞUBESİ,"Nevşehir Mah., No: 1-, Acıgöl/NEVŞEHİR",NEVŞEHİR, Atık Ara Depolama,"Hava Emisyon, Gürültü Kontrolü, Atıksu Deşarjı",İzin ve Lisans Belgesi,24.03.2021,2765
157,525291,225612110,AKADEMİ ÇEVRE ENTEGRE ATIK YÖNETİMİ ENDÜSTRİ A.Ş.,"Orta Mah., Demokrasi Cad., No: 92 /1-, Tuzla İSTANBUL",İSTANBUL,Tehlikeli Atık Geri Kazanım,"Hava Emisyon, Gürültü Kontrolü, Atıksu Deşarjı",İzin ve Lisans Belgesi,04.11.2019,2765
158,525291,225612110,AKADEMİ ÇEVRE ENTEGRE ATIK YÖNETİMİ ENDÜSTRİ A.Ş.,"Orta Mah., Demokrasi Cad., No: 92 /1-, Tuzla İSTANBUL",İSTANBUL, Tehlikesiz Atık Geri Kazanım,"Hava Emisyon, Gürültü Kontrolü, Atıksu Deşarjı",İzin ve Lisans Belgesi,04.11.2019,2765
159,525291,225612110,AKADEMİ ÇEVRE ENTEGRE ATIK YÖNETİMİ ENDÜSTRİ A.Ş.,"Orta Mah., Demokrasi Cad., No: 92 /1-, Tuzla İSTANBUL",İSTANBUL, Ambalaj Atığı Geri Kazanım,"Hava Emisyon, Gürültü Kontrolü, Atıksu Deşarjı",İzin ve Lisans Belgesi,04.11.2019,2765
160,525291,225612110,AKADEMİ ÇEVRE ENTEGRE ATIK YÖNETİMİ ENDÜSTRİ A.Ş.,"Orta Mah., Demokrasi Cad., No: 92 /1-, Tuzla İSTANBUL",İSTANBUL, Ömrünü Tamamlamış Araç Geçici Depolama,"Hava Emisyon, Gürültü Kontrolü, Atıksu Deşarjı",İzin ve Lisans Belgesi,04.11.2019,2765
161,525291,225612110,AKADEMİ ÇEVRE ENTEGRE ATIK YÖNETİMİ ENDÜSTRİ A.Ş.,"Orta Mah., Demokrasi Cad., No: 92 /1-, Tuzla İSTANBUL",İSTANBUL, Tanker Temizleme,"Hava Emisyon, Gürültü Kontrolü, Atıksu Deşarjı",İzin ve Lisans Belgesi,04.11.2019,2765
162,525291,225612110,AKADEMİ ÇEVRE ENTEGRE ATIK YÖNETİMİ ENDÜSTRİ A.Ş.,"Orta Mah., Demokrasi Cad., No: 92 /1-, Tuzla İSTANBUL",İSTANBUL, Hurda Metal /ÖTA İşleme,"Hava Emisyon, Gürültü Kontrolü, Atıksu Deşarjı",İzin ve Lisans Belgesi,04.11.2019,2765
163,525291,225612110,AKADEMİ ÇEVRE ENTEGRE ATIK YÖNETİMİ ENDÜSTRİ A.Ş.,"Orta Mah., Demokrasi Cad., No: 92 /1-, Tuzla İSTANBUL",İSTANBUL, Atık Elektrikli ve Elektronik Eşya İşleme,"Hava Emisyon, Gürültü Kontrolü, Atıksu Deşarjı",İzin ve Lisans Belgesi,04.11.2019,2765
164,525291,225612110,AKADEMİ ÇEVRE ENTEGRE ATIK YÖNETİMİ ENDÜSTRİ A.Ş.,"Orta Mah., Demokrasi Cad., No: 92 /1-, Tuzla İSTANBUL",İSTANBUL, PCB Arındırma,"Hava Emisyon, Gürültü Kontrolü, Atıksu Deşarjı",İzin ve Lisans Belgesi,04.11.2019,2765
165,525291,225612110,AKADEMİ ÇEVRE ENTEGRE ATIK YÖNETİMİ ENDÜSTRİ A.Ş.,"Orta Mah., Demokrasi Cad., No: 92 /1-, Tuzla İSTANBUL",İSTANBUL, Atık Ara Depolama,"Hava Emisyon, Gürültü Kontrolü, Atıksu Deşarjı",İzin ve Lisans Belgesi,04.11.2019,2765
166,525291,225612110,AKADEMİ ÇEVRE ENTEGRE ATIK YÖNETİMİ ENDÜSTRİ A.Ş.,"Orta Mah., Demokrasi Cad., No: 92 /1-, Tuzla İSTANBUL",İSTANBUL, Ambalaj Atığı Toplama ve Ayırma Tip ,"Hava Emisyon, Gürültü Kontrolü, Atıksu Deşarjı",İzin ve Lisans Belgesi,04.11.2019,2765
167,474866,227661262,EKOLOJİK ENERJİ A.Ş. ÇORLU ŞUBESİ,"Hatip Mah., Karatepe Küme Evler, No:16 -1-1, Çorlu TEKİRDAĞ",TEKİRDAĞ,Tehlikesiz Atık Geri Kazanım,"Hava Emisyon, Gürültü Kontrolü, Atıksu Deşarjı",İzin ve Lisans Belgesi,02.10.2019,2765
168,474866,227661262,EKOLOJİK ENERJİ A.Ş. ÇORLU ŞUBESİ,"Hatip Mah., Karatepe Küme Evler, No:16 -1-1, Çorlu TEKİRDAĞ",TEKİRDAĞ, Düzenli Depolama - 1. Sınıf (Tehlikeli Atık Düzenli Depolama),"Hava Emisyon, Gürültü Kontrolü, Atıksu Deşarjı",İzin ve Lisans Belgesi,02.10.2019,2765
169,474866,227661262,EKOLOJİK ENERJİ A.Ş. ÇORLU ŞUBESİ,"Hatip Mah., Karatepe Küme Evler, No:16 -1-1, Çorlu TEKİRDAĞ",TEKİRDAĞ, Atık Elektrikli ve Elektronik Eşya İşleme,"Hava Emisyon, Gürültü Kontrolü, Atıksu Deşarjı",İzin ve Lisans Belgesi,02.10.2019,2765
170,474866,227661262,EKOLOJİK ENERJİ A.Ş. ÇORLU ŞUBESİ,"Hatip Mah., Karatepe Küme Evler, No:16 -1-1, Çorlu TEKİRDAĞ",TEKİRDAĞ, Atık Ara Depolama,"Hava Emisyon, Gürültü Kontrolü, Atıksu Deşarjı",İzin ve Lisans Belgesi,02.10.2019,2765
171,474866,227661262,EKOLOJİK ENERJİ A.Ş. ÇORLU ŞUBESİ,"Hatip Mah., Karatepe Küme Evler, No:16 -1-1, Çorlu TEKİRDAĞ",TEKİRDAĞ, Atıktan Türetilmiş Yakıt (ATY) Hazırlama Tesisi,"Hava Emisyon, Gürültü Kontrolü, Atıksu Deşarjı",İzin ve Lisans Belgesi,02.10.2019,2765
172,474866,227661262,EKOLOJİK ENERJİ A.Ş. ÇORLU ŞUBESİ,"Hatip Mah., Karatepe Küme Evler, No:16 -1-1, Çorlu TEKİRDAĞ",TEKİRDAĞ, Biyobozunur Atık İşleme -Biyometanizasyon,"Hava Emisyon, Gürültü Kontrolü, Atıksu Deşarjı",İzin ve Lisans Belgesi,02.10.2019,2765
173,474866,227661262,EKOLOJİK ENERJİ A.Ş. ÇORLU ŞUBESİ,"Hatip Mah., Karatepe Küme Evler, No:16 -1-1, Çorlu TEKİRDAĞ",TEKİRDAĞ, Ambalaj Atığı Toplama ve Ayırma Tip ,"Hava Emisyon, Gürültü Kontrolü, Atıksu Deşarjı",İzin ve Lisans Belgesi,02.10.2019,2765
174,470195,233357474,4R ÇEVRE VE ENERJİ SANAYİ VE TİCARET ANONİM ŞİRKETİ,"Fatih Mahallesi, 73 Sokak, No:18 -20-1, Kapaklı/TEKİRDAĞ",TEKİRDAĞ,Atık Ara Depolama,"Hava Emisyon, Gürültü Kontrolü, Atıksu Deşarjı",İzin ve Lisans Belgesi,18.09.2019,2765
175,470195,233357474,4R ÇEVRE VE ENERJİ SANAYİ VE TİCARET ANONİM ŞİRKETİ,"Fatih Mahallesi, 73 Sokak, No:18 -20-1, Kapaklı/TEKİRDAĞ",TEKİRDAĞ, Ambalaj Atığı Toplama ve Ayırma Tip ,"Hava Emisyon, Gürültü Kontrolü, Atıksu Deşarjı",İzin ve Lisans Belgesi,18.09.2019,2765
176,471357,223560086,FERROALLOYS METAL GERİ DÖNÜŞÜM TURİZM VE OTELCİLİK SANAYİ VE TİCARET LİMİTED ŞİRKETİ,Alaşarköy Mahallesi 1. Alaşar Cadde No: 3 /1 Osmangazi/BURSA,BURSA,Tehlikeli Atık Geri Kazanım,"Hava Emisyon, Gürültü Kontrolü, Atıksu Deşarjı",İzin ve Lisans Belgesi,10.09.2019,2765
177,471357,223560086,FERROALLOYS METAL GERİ DÖNÜŞÜM TURİZM VE OTELCİLİK SANAYİ VE TİCARET LİMİTED ŞİRKETİ,Alaşarköy Mahallesi 1. Alaşar Cadde No: 3 /1 Osmangazi/BURSA,BURSA, Ömrünü Tamamlamış Araç Geçici Depolama,"Hava Emisyon, Gürültü Kontrolü, Atıksu Deşarjı",İzin ve Lisans Belgesi,10.09.2019,2765
178,471357,223560086,FERROALLOYS METAL GERİ DÖNÜŞÜM TURİZM VE OTELCİLİK SANAYİ VE TİCARET LİMİTED ŞİRKETİ,Alaşarköy Mahallesi 1. Alaşar Cadde No: 3 /1 Osmangazi/BURSA,BURSA, Atık Ara Depolama,"Hava Emisyon, Gürültü Kontrolü, Atıksu Deşarjı",İzin ve Lisans Belgesi,10.09.2019,2765
179,471357,223560086,FERROALLOYS METAL GERİ DÖNÜŞÜM TURİZM VE OTELCİLİK SANAYİ VE TİCARET LİMİTED ŞİRKETİ,Alaşarköy Mahallesi 1. Alaşar Cadde No: 3 /1 Osmangazi/BURSA,BURSA, Ambalaj Atığı Toplama ve Ayırma Tip ,"Hava Emisyon, Gürültü Kontrolü, Atıksu Deşarjı",İzin ve Lisans Belgesi,10.09.2019,2765
180,558469,227277658,EKOLOJİK ENERJİ ANONİM ŞİRKETİ DÜZCE ŞUBESİ,"MERKEZ Mahallesi, OSB SOKAK, No: 2 /3-, GÜMÜŞOVA / DÜZCE",DÜZCE,Atık Ara Depolama,"Hava Emisyon, Gürültü Kontrolü, Atıksu Deşarjı",İzin ve Lisans Belgesi,29.04.2022,2765
181,558469,227277658,EKOLOJİK ENERJİ ANONİM ŞİRKETİ DÜZCE ŞUBESİ,"MERKEZ Mahallesi, OSB SOKAK, No: 2 /3-, GÜMÜŞOVA / DÜZCE",DÜZCE, Atıktan Türetilmiş Yakıt (ATY) Hazırlama Tesisi,"Hava Emisyon, Gürültü Kontrolü, Atıksu Deşarjı",İzin ve Lisans Belgesi,29.04.2022,2765
182,558469,227277658,EKOLOJİK ENERJİ ANONİM ŞİRKETİ DÜZCE ŞUBESİ,"MERKEZ Mahallesi, OSB SOKAK, No: 2 /3-, GÜMÜŞOVA / DÜZCE",DÜZCE, Ambalaj Atığı Toplama ve Ayırma Tip ,"Hava Emisyon, Gürültü Kontrolü, Atıksu Deşarjı",İzin ve Lisans Belgesi,29.04.2022,2765
183,493205,227365780,ARDAM ATIK YÖNETİMİ VE Depolama SANAYİ VE TİCARET ANONİM ŞİRKETİ,"Ahi Evran OSB Mah., Büyük Selçuklu Cad., No: 5-, Sincan ANKARA",ANKARA,Atık Ara Depolama,"Hava Emisyon, Gürültü Kontrolü, Atıksu Deşarjı",İzin ve Lisans Belgesi,22.07.2020,2765
184,493205,227365780,ARDAM ATIK YÖNETİMİ VE Depolama SANAYİ VE TİCARET ANONİM ŞİRKETİ,"Ahi Evran OSB Mah., Büyük Selçuklu Cad., No: 5-, Sincan ANKARA",ANKARA, Ambalaj Atığı Toplama ve Ayırma Tip ,"Hava Emisyon, Gürültü Kontrolü, Atıksu Deşarjı",İzin ve Lisans Belgesi,22.07.2020,2765
185,470452,227240692,TUZLA DERİ OSB GERİ DÖNÜŞÜM ANONİM ŞİRKETİ,"Deri OSB Mah., Çevre Sok., No: 3-, Tuzla İSTANBUL",İSTANBUL,Atık Ara Depolama,"Hava Emisyon, Gürültü Kontrolü, Atıksu Deşarjı",İzin ve Lisans Belgesi,08.08.2022,2765
186,470452,227240692,TUZLA DERİ OSB GERİ DÖNÜŞÜM ANONİM ŞİRKETİ,"Deri OSB Mah., Çevre Sok., No: 3-, Tuzla İSTANBUL",İSTANBUL, Atıktan Türetilmiş Yakıt (ATY) Hazırlama Tesisi,"Hava Emisyon, Gürültü Kontrolü, Atıksu Deşarjı",İzin ve Lisans Belgesi,08.08.2022,2765
187,470452,227240692,TUZLA DERİ OSB GERİ DÖNÜŞÜM ANONİM ŞİRKETİ,"Deri OSB Mah., Çevre Sok., No: 3-, Tuzla İSTANBUL",İSTANBUL, Ambalaj Atığı Toplama ve Ayırma Tip ,"Hava Emisyon, Gürültü Kontrolü, Atıksu Deşarjı",İzin ve Lisans Belgesi,08.08.2022,2765
188,466327,232781508,BEKER PCB ELEKTRONİK SANAYİ VE TİCARET LİMİTED ŞİRKETİ DÜZCE ŞUBESİ,"İstiklal OSB1 Mahallesi, 7 Cadde, No:3-3/A, Merkez/DÜZCE",DÜZCE,Tehlikesiz Atık Geri Kazanım,"Hava Emisyon, Gürültü Kontrolü, Atıksu Deşarjı",İzin ve Lisans Belgesi,11.06.2019,2765
189,466327,232781508,BEKER PCB ELEKTRONİK SANAYİ VE TİCARET LİMİTED ŞİRKETİ DÜZCE ŞUBESİ,"İstiklal OSB1 Mahallesi, 7 Cadde, No:3-3/A, Merkez/DÜZCE",DÜZCE, Ömrünü Tamamlamış Araç Geçici Depolama,"Hava Emisyon, Gürültü Kontrolü, Atıksu Deşarjı",İzin ve Lisans Belgesi,11.06.2019,2765
190,466327,232781508,BEKER PCB ELEKTRONİK SANAYİ VE TİCARET LİMİTED ŞİRKETİ DÜZCE ŞUBESİ,"İstiklal OSB1 Mahallesi, 7 Cadde, No:3-3/A, Merkez/DÜZCE",DÜZCE, Hurda Metal /ÖTA İşleme,"Hava Emisyon, Gürültü Kontrolü, Atıksu Deşarjı",İzin ve Lisans Belgesi,11.06.2019,2765
191,466327,232781508,BEKER PCB ELEKTRONİK SANAYİ VE TİCARET LİMİTED ŞİRKETİ DÜZCE ŞUBESİ,"İstiklal OSB1 Mahallesi, 7 Cadde, No:3-3/A, Merkez/DÜZCE",DÜZCE, Atık Elektrikli ve Elektronik Eşya İşleme,"Hava Emisyon, Gürültü Kontrolü, Atıksu Deşarjı",İzin ve Lisans Belgesi,11.06.2019,2765
192,466327,232781508,BEKER PCB ELEKTRONİK SANAYİ VE TİCARET LİMİTED ŞİRKETİ DÜZCE ŞUBESİ,"İstiklal OSB1 Mahallesi, 7 Cadde, No:3-3/A, Merkez/DÜZCE",DÜZCE, Atık Ara Depolama,"Hava Emisyon, Gürültü Kontrolü, Atıksu Deşarjı",İzin ve Lisans Belgesi,11.06.2019,2765
193,466327,232781508,BEKER PCB ELEKTRONİK SANAYİ VE TİCARET LİMİTED ŞİRKETİ DÜZCE ŞUBESİ,"İstiklal OSB1 Mahallesi, 7 Cadde, No:3-3/A, Merkez/DÜZCE",DÜZCE, Ambalaj Atığı Toplama ve Ayırma Tip ,"Hava Emisyon, Gürültü Kontrolü, Atıksu Deşarjı",İzin ve Lisans Belgesi,11.06.2019,2765
194,492130,223717428,SİMGE RAMATÇILIK İMALAT SANAYİ VE TİCARET LİMİTED ŞİRKETİ,"İkitelli OSB Mahallesi, Çevre 3.Blok Sokak, No:1-1, Başakşehir/İSTANBUL",İSTANBUL,Tehlikeli Atık Geri Kazanım,"Hava Emisyon, Gürültü Kontrolü, Atıksu Deşarjı",İzin ve Lisans Belgesi,05.08.2020,2765
195,528761,223525526,İSTAÇ İSTANBUL ÇEVRE YÖNETİMİ SANAYİ VE TİCARET ANONİM ŞİRKETİ - KÖMÜRCÜODA TESİSLERİ,"Karakiraz Mahallesi Ergun Sokak No:305, ŞİLE, İSTANBUL",İSTANBUL,Tehlikeli Atık Geri Kazanım,"Hava Emisyon, Gürültü Kontrolü, Atıksu Deşarjı",İzin ve Lisans Belgesi,19.08.2021,2765
196,528761,223525526,İSTAÇ İSTANBUL ÇEVRE YÖNETİMİ SANAYİ VE TİCARET ANONİM ŞİRKETİ - KÖMÜRCÜODA TESİSLERİ,"Karakiraz Mahallesi Ergun Sokak No:305, ŞİLE, İSTANBUL",İSTANBUL, Tehlikesiz Atık Geri Kazanım,"Hava Emisyon, Gürültü Kontrolü, Atıksu Deşarjı",İzin ve Lisans Belgesi,19.08.2021,2765
197,528761,223525526,İSTAÇ İSTANBUL ÇEVRE YÖNETİMİ SANAYİ VE TİCARET ANONİM ŞİRKETİ - KÖMÜRCÜODA TESİSLERİ,"Karakiraz Mahallesi Ergun Sokak No:305, ŞİLE, İSTANBUL",İSTANBUL, Düzenli Depolama - 1. Sınıf (Tehlikeli Atık Düzenli Depolama),"Hava Emisyon, Gürültü Kontrolü, Atıksu Deşarjı",İzin ve Lisans Belgesi,19.08.2021,2765
198,528761,223525526,İSTAÇ İSTANBUL ÇEVRE YÖNETİMİ SANAYİ VE TİCARET ANONİM ŞİRKETİ - KÖMÜRCÜODA TESİSLERİ,"Karakiraz Mahallesi Ergun Sokak No:305, ŞİLE, İSTANBUL",İSTANBUL, Düzenli Depolama - 2. Sınıf (Belediye Atıkları ve Tehlikesiz Atık Düzenli Depolama),"Hava Emisyon, Gürültü Kontrolü, Atıksu Deşarjı",İzin ve Lisans Belgesi,19.08.2021,2765
199,528761,223525526,İSTAÇ İSTANBUL ÇEVRE YÖNETİMİ SANAYİ VE TİCARET ANONİM ŞİRKETİ - KÖMÜRCÜODA TESİSLERİ,"Karakiraz Mahallesi Ergun Sokak No:305, ŞİLE, İSTANBUL",İSTANBUL, Atık Ara Depolama,"Hava Emisyon, Gürültü Kontrolü, Atıksu Deşarjı",İzin ve Lisans Belgesi,19.08.2021,2765
200,492092,223180084,VOLKAN ALGAN - VOLKAN RAMATÇILIK,"İkitelli OSB Mahallesi, Çevre 3. Blok Sokak, No: 16-16, Başakşehir/İSTANBUL",İSTANBUL,Tehlikeli Atık Geri Kazanım,"Hava Emisyon, Gürültü Kontrolü, Atıksu Deşarjı",İzin ve Lisans Belgesi,07.08.2020,2765
201,492092,223180084,VOLKAN ALGAN - VOLKAN RAMATÇILIK,"İkitelli OSB Mahallesi, Çevre 3. Blok Sokak, No: 16-16, Başakşehir/İSTANBUL",İSTANBUL, Tehlikesiz Atık Geri Kazanım,"Hava Emisyon, Gürültü Kontrolü, Atıksu Deşarjı",İzin ve Lisans Belgesi,07.08.2020,2765
202,461505,233329710,CHIMIREC AVRASYA ENDÜSTRİYEL ATIK SANAYİ VE TİCARET LİMİTED ŞİRKETİ,"Pelitli Mah., 4448. Sok., No: 67-, Gebze KOCAELİ",KOCAELİ,Tehlikeli Atık Geri Kazanım,"Hava Emisyon, Atıksu Deşarjı",İzin ve Lisans Belgesi,03.04.2019,2765
203,461505,233329710,CHIMIREC AVRASYA ENDÜSTRİYEL ATIK SANAYİ VE TİCARET LİMİTED ŞİRKETİ,"Pelitli Mah., 4448. Sok., No: 67-, Gebze KOCAELİ",KOCAELİ, Tehlikesiz Atık Geri Kazanım,"Hava Emisyon, Atıksu Deşarjı",İzin ve Lisans Belgesi,03.04.2019,2765
204,461505,233329710,CHIMIREC AVRASYA ENDÜSTRİYEL ATIK SANAYİ VE TİCARET LİMİTED ŞİRKETİ,"Pelitli Mah., 4448. Sok., No: 67-, Gebze KOCAELİ",KOCAELİ, Atık Elektrikli ve Elektronik Eşya İşleme,"Hava Emisyon, Atıksu Deşarjı",İzin ve Lisans Belgesi,03.04.2019,2765
205,461505,233329710,CHIMIREC AVRASYA ENDÜSTRİYEL ATIK SANAYİ VE TİCARET LİMİTED ŞİRKETİ,"Pelitli Mah., 4448. Sok., No: 67-, Gebze KOCAELİ",KOCAELİ, Atık Ara Depolama,"Hava Emisyon, Atıksu Deşarjı",İzin ve Lisans Belgesi,03.04.2019,2765
206,461505,233329710,CHIMIREC AVRASYA ENDÜSTRİYEL ATIK SANAYİ VE TİCARET LİMİTED ŞİRKETİ,"Pelitli Mah., 4448. Sok., No: 67-, Gebze KOCAELİ",KOCAELİ, Atıktan Türetilmiş Yakıt (ATY) Hazırlama Tesisi,"Hava Emisyon, Atıksu Deşarjı",İzin ve Lisans Belgesi,03.04.2019,2765
207,461505,233329710,CHIMIREC AVRASYA ENDÜSTRİYEL ATIK SANAYİ VE TİCARET LİMİTED ŞİRKETİ,"Pelitli Mah., 4448. Sok., No: 67-, Gebze KOCAELİ",KOCAELİ, Ambalaj Atığı Toplama ve Ayırma Tip ,"Hava Emisyon, Atıksu Deşarjı",İzin ve Lisans Belgesi,03.04.2019,2765
208,457201,224821548,ÖZBEK KİMYA TEKSTİL PLASTİK DEMİR ÇELİK SAN. VE TİC. LTD. ŞTİ.,"HATAY,GÜZELÇAY Mahallesi, ŞEHİT P. TĞM. CAHİT TÜTÜNCÜ CADDE, No: 12 /1-1, İSKENDERUN,Türkiye",HATAY,Tehlikeli Atık Geri Kazanım,"Hava Emisyon, Gürültü Kontrolü, Atıksu Deşarjı",İzin ve Lisans Belgesi,28.01.2019,2765
209,444396,233134624,DUPOLL ENERJİ ENTEGRE ATIK YÖNETİMİ SANAYİ VE TİCARET LİMİTED ŞİRKETİ,"KOCAELİ,KARADENİZLİLER Mahallesi, FAKÜLTE CADDE, No: 165 /1-, BAŞİSKELE,Türkiye",KOCAELİ,Atık Ara Depolama,"Hava Emisyon, Atıksu Deşarjı",İzin ve Lisans Belgesi,21.12.2018,2765
210,444396,233134624,DUPOLL ENERJİ ENTEGRE ATIK YÖNETİMİ SANAYİ VE TİCARET LİMİTED ŞİRKETİ,"KOCAELİ,KARADENİZLİLER Mahallesi, FAKÜLTE CADDE, No: 165 /1-, BAŞİSKELE,Türkiye",KOCAELİ, Atıktan Türetilmiş Yakıt (ATY) Hazırlama Tesisi,"Hava Emisyon, Atıksu Deşarjı",İzin ve Lisans Belgesi,21.12.2018,2765
211,536279,222876748,ANEL DOĞA ENTEGRE GERİ DÖNÜŞÜM ENDÜSTRİ ANONİM ŞİRKETİ,Çepni Mah. Uzay Çıkmazı Sk. İdari Bina Sit. No:43-B Kartepe KOCAELİ,KOCAELİ,Tehlikeli Atık Geri Kazanım,"Hava Emisyon, Gürültü Kontrolü, Atıksu Deşarjı",İzin ve Lisans Belgesi,17.02.2022,2765
212,536279,222876748,ANEL DOĞA ENTEGRE GERİ DÖNÜŞÜM ENDÜSTRİ ANONİM ŞİRKETİ,Çepni Mah. Uzay Çıkmazı Sk. İdari Bina Sit. No:43-B Kartepe KOCAELİ,KOCAELİ, Tehlikesiz Atık Geri Kazanım,"Hava Emisyon, Gürültü Kontrolü, Atıksu Deşarjı",İzin ve Lisans Belgesi,17.02.2022,2765
213,536279,222876748,ANEL DOĞA ENTEGRE GERİ DÖNÜŞÜM ENDÜSTRİ ANONİM ŞİRKETİ,Çepni Mah. Uzay Çıkmazı Sk. İdari Bina Sit. No:43-B Kartepe KOCAELİ,KOCAELİ, Ömrünü Tamamlamış Araç Geçici Depolama,"Hava Emisyon, Gürültü Kontrolü, Atıksu Deşarjı",İzin ve Lisans Belgesi,17.02.2022,2765
214,536279,222876748,ANEL DOĞA ENTEGRE GERİ DÖNÜŞÜM ENDÜSTRİ ANONİM ŞİRKETİ,Çepni Mah. Uzay Çıkmazı Sk. İdari Bina Sit. No:43-B Kartepe KOCAELİ,KOCAELİ, Hurda Metal /ÖTA İşleme,"Hava Emisyon, Gürültü Kontrolü, Atıksu Deşarjı",İzin ve Lisans Belgesi,17.02.2022,2765
215,536279,222876748,ANEL DOĞA ENTEGRE GERİ DÖNÜŞÜM ENDÜSTRİ ANONİM ŞİRKETİ,Çepni Mah. Uzay Çıkmazı Sk. İdari Bina Sit. No:43-B Kartepe KOCAELİ,KOCAELİ, Atık Elektrikli ve Elektronik Eşya İşleme,"Hava Emisyon, Gürültü Kontrolü, Atıksu Deşarjı",İzin ve Lisans Belgesi,17.02.2022,2765
216,536279,222876748,ANEL DOĞA ENTEGRE GERİ DÖNÜŞÜM ENDÜSTRİ ANONİM ŞİRKETİ,Çepni Mah. Uzay Çıkmazı Sk. İdari Bina Sit. No:43-B Kartepe KOCAELİ,KOCAELİ, Atık Ara Depolama,"Hava Emisyon, Gürültü Kontrolü, Atıksu Deşarjı",İzin ve Lisans Belgesi,17.02.2022,2765
217,536279,222876748,ANEL DOĞA ENTEGRE GERİ DÖNÜŞÜM ENDÜSTRİ ANONİM ŞİRKETİ,Çepni Mah. Uzay Çıkmazı Sk. İdari Bina Sit. No:43-B Kartepe KOCAELİ,KOCAELİ, Atıktan Türetilmiş Yakıt (ATY) Hazırlama Tesisi,"Hava Emisyon, Gürültü Kontrolü, Atıksu Deşarjı",İzin ve Lisans Belgesi,17.02.2022,2765
218,518007,299952246,EKOVAR ÇEVRE GRUP GERİ DÖNÜŞÜM ATIK Depolama İNŞAAT TAAHHÜT SANAYİ VE TİCARET A.Ş - TORBALI ŞUBESİ,"ÇAPAK Mahallesi, 2594 SOKAK, No:24 -, TORBALI / İZMİR",İZMİR,Atık Ara Depolama,"Hava Emisyon, Atıksu Deşarjı",İzin ve Lisans Belgesi,05.02.2021,2765
219,445510,225713246,KORUMA KLOR ALKALİ SANAYİ VE TİCARET ANONİM ŞİRKETİ,"KOCABAŞ Mahallesi, ATATÜRK (DEMOKRASİ) CADDE, No: 237 HONAZ/DENİZLİ",DENİZLİ,Tehlikeli Atık Geri Kazanım,"Hava Emisyon, Gürültü Kontrolü, Atıksu Deşarjı",İzin ve Lisans Belgesi,30.10.2018,2765
220,445510,225713246,KORUMA KLOR ALKALİ SANAYİ VE TİCARET ANONİM ŞİRKETİ,"KOCABAŞ Mahallesi, ATATÜRK (DEMOKRASİ) CADDE, No: 237 HONAZ/DENİZLİ",DENİZLİ, Tehlikesiz Atık Geri Kazanım,"Hava Emisyon, Gürültü Kontrolü, Atıksu Deşarjı",İzin ve Lisans Belgesi,30.10.2018,2765
221,475833,222924540,SÜREKO ATIK YÖNETİMİ NAKLİYE LOJİSTİK ELEK. ÜRETİM A.Ş.KULA ŞUBESİ,Sandal Mah. Atatürk Caddesi No: 283 Kula/MANİSA,MANİSA,Tehlikeli Atık Geri Kazanım,"Hava Emisyon, Gürültü Kontrolü, Atıksu Deşarjı",İzin ve Lisans Belgesi,09.08.2022,2765
222,475833,222924540,SÜREKO ATIK YÖNETİMİ NAKLİYE LOJİSTİK ELEK. ÜRETİM A.Ş.KULA ŞUBESİ,Sandal Mah. Atatürk Caddesi No: 283 Kula/MANİSA,MANİSA, Tehlikesiz Atık Geri Kazanım,"Hava Emisyon, Gürültü Kontrolü, Atıksu Deşarjı",İzin ve Lisans Belgesi,09.08.2022,2765
223,475833,222924540,SÜREKO ATIK YÖNETİMİ NAKLİYE LOJİSTİK ELEK. ÜRETİM A.Ş.KULA ŞUBESİ,Sandal Mah. Atatürk Caddesi No: 283 Kula/MANİSA,MANİSA, Düzenli Depolama - 1. Sınıf (Tehlikeli Atık Düzenli Depolama),"Hava Emisyon, Gürültü Kontrolü, Atıksu Deşarjı",İzin ve Lisans Belgesi,09.08.2022,2765
224,475833,222924540,SÜREKO ATIK YÖNETİMİ NAKLİYE LOJİSTİK ELEK. ÜRETİM A.Ş.KULA ŞUBESİ,Sandal Mah. Atatürk Caddesi No: 283 Kula/MANİSA,MANİSA, Atık Elektrikli ve Elektronik Eşya İşleme,"Hava Emisyon, Gürültü Kontrolü, Atıksu Deşarjı",İzin ve Lisans Belgesi,09.08.2022,2765
225,475833,222924540,SÜREKO ATIK YÖNETİMİ NAKLİYE LOJİSTİK ELEK. ÜRETİM A.Ş.KULA ŞUBESİ,Sandal Mah. Atatürk Caddesi No: 283 Kula/MANİSA,MANİSA, Atık Ara Depolama,"Hava Emisyon, Gürültü Kontrolü, Atıksu Deşarjı",İzin ve Lisans Belgesi,09.08.2022,2765
226,475833,222924540,SÜREKO ATIK YÖNETİMİ NAKLİYE LOJİSTİK ELEK. ÜRETİM A.Ş.KULA ŞUBESİ,Sandal Mah. Atatürk Caddesi No: 283 Kula/MANİSA,MANİSA, Atıktan Türetilmiş Yakıt (ATY) Hazırlama Tesisi,"Hava Emisyon, Gürültü Kontrolü, Atıksu Deşarjı",İzin ve Lisans Belgesi,09.08.2022,2765
227,475833,222924540,SÜREKO ATIK YÖNETİMİ NAKLİYE LOJİSTİK ELEK. ÜRETİM A.Ş.KULA ŞUBESİ,Sandal Mah. Atatürk Caddesi No: 283 Kula/MANİSA,MANİSA, Ambalaj Atığı Toplama ve Ayırma Tip ,"Hava Emisyon, Gürültü Kontrolü, Atıksu Deşarjı",İzin ve Lisans Belgesi,09.08.2022,2765
228,417957,232125702,DENİZGRUP ATIK YÖNETİMİ SANAYİ VE TİCARET ANONİM ŞİRKETİ,"TEKİRDAĞ,VELİMEŞE Mahallesi, YENİ BAHAR SOKAK, No: 15-, ERGENE,Türkiye",TEKİRDAĞ,Tehlikeli Atık Geri Kazanım,Hava Emisyon,İzin ve Lisans Belgesi,09.10.2018,2765
229,417957,232125702,DENİZGRUP ATIK YÖNETİMİ SANAYİ VE TİCARET ANONİM ŞİRKETİ,"TEKİRDAĞ,VELİMEŞE Mahallesi, YENİ BAHAR SOKAK, No: 15-, ERGENE,Türkiye",TEKİRDAĞ, Tehlikesiz Atık Geri Kazanım,Hava Emisyon,İzin ve Lisans Belgesi,09.10.2018,2765
230,417957,232125702,DENİZGRUP ATIK YÖNETİMİ SANAYİ VE TİCARET ANONİM ŞİRKETİ,"TEKİRDAĞ,VELİMEŞE Mahallesi, YENİ BAHAR SOKAK, No: 15-, ERGENE,Türkiye",TEKİRDAĞ, Atık Ara Depolama,Hava Emisyon,İzin ve Lisans Belgesi,09.10.2018,2765
231,553471,222998462,ÖZ ÜLGER ENTEGRE ATIK YÖNETİMİ ENDÜSTRİ TİCARET LİMİTED ŞİRKETİ,Erenler Mah. 220 Sokak No:7 Yahşiyan/KIRIKKALE,KIRIKKALE,Tehlikeli Atık Geri Kazanım,"Hava Emisyon, Gürültü Kontrolü, Atıksu Deşarjı",İzin ve Lisans Belgesi,09.03.2022,2765
232,553471,222998462,ÖZ ÜLGER ENTEGRE ATIK YÖNETİMİ ENDÜSTRİ TİCARET LİMİTED ŞİRKETİ,Erenler Mah. 220 Sokak No:7 Yahşiyan/KIRIKKALE,KIRIKKALE, PCB Arındırma,"Hava Emisyon, Gürültü Kontrolü, Atıksu Deşarjı",İzin ve Lisans Belgesi,09.03.2022,2765
233,553471,222998462,ÖZ ÜLGER ENTEGRE ATIK YÖNETİMİ ENDÜSTRİ TİCARET LİMİTED ŞİRKETİ,Erenler Mah. 220 Sokak No:7 Yahşiyan/KIRIKKALE,KIRIKKALE, Atık Ara Depolama,"Hava Emisyon, Gürültü Kontrolü, Atıksu Deşarjı",İzin ve Lisans Belgesi,09.03.2022,2765
234,417518,233075954,BATI ATIK ENERJİ ÜRETİM NAKLİYE İNŞAAT SANAYİ VE TİCARET ANONİM ŞİRKETİ,"MANİSA,EVRENOS Mahallesi, EVRANOS KÜME EVLER, No: 8-, YUNUSEMRE,Türkiye",MANİSA,Atık Ara Depolama,,İzin ve Lisans Belgesi,28.09.2018,2765
235,566215,224425278,MAKİNE VE KİMYA ENDÜSTRİSİ ANONİM ŞİRKETİ,"ÇAKMAKLI Mahallesi, SANAYİ CADDE, No: 36-, ALİAĞA, İZMİR",İZMİR,Ömrünü Tamamlamış Araç Geçici Depolama,"Hava Emisyon, Gürültü Kontrolü, Atıksu Deşarjı",Geçici Faaliyet Belgesi,09.08.2022,2764
236,566215,224425278,MAKİNE VE KİMYA ENDÜSTRİSİ ANONİM ŞİRKETİ,"ÇAKMAKLI Mahallesi, SANAYİ CADDE, No: 36-, ALİAĞA, İZMİR",İZMİR, Hurda Metal /ÖTA İşleme,"Hava Emisyon, Gürültü Kontrolü, Atıksu Deşarjı",Geçici Faaliyet Belgesi,09.08.2022,2764
237,566215,224425278,MAKİNE VE KİMYA ENDÜSTRİSİ ANONİM ŞİRKETİ,"ÇAKMAKLI Mahallesi, SANAYİ CADDE, No: 36-, ALİAĞA, İZMİR",İZMİR, Atık Ara Depolama,"Hava Emisyon, Gürültü Kontrolü, Atıksu Deşarjı",Geçici Faaliyet Belgesi,09.08.2022,2764
238,566215,224425278,MAKİNE VE KİMYA ENDÜSTRİSİ ANONİM ŞİRKETİ,"ÇAKMAKLI Mahallesi, SANAYİ CADDE, No: 36-, ALİAĞA, İZMİR",İZMİR, Toplama Ayırma Tesisi,"Hava Emisyon, Gürültü Kontrolü, Atıksu Deşarjı",Geçici Faaliyet Belgesi,09.08.2022,2764
239,545381,223263356,DEKASAN DÖNÜŞTÜRÜLEBİLİR ENDÜSTRİYEL KATI ATIK NAKLİYE SANAYİ VE TİCARET LİMİTED ŞİRKETİ,"KAYAPA Mahallesi, KIRMIZI(530) CADDE, No: 7-, NİLÜFER / BURSA",BURSA,Tehlikeli Atık Geri Kazanım,,İzin ve Lisans Belgesi,03.02.2022,2765
240,545381,223263356,DEKASAN DÖNÜŞTÜRÜLEBİLİR ENDÜSTRİYEL KATI ATIK NAKLİYE SANAYİ VE TİCARET LİMİTED ŞİRKETİ,"KAYAPA Mahallesi, KIRMIZI(530) CADDE, No: 7-, NİLÜFER / BURSA",BURSA, Hurda Metal /ÖTA İşleme,,İzin ve Lisans Belgesi,03.02.2022,2765
241,545381,223263356,DEKASAN DÖNÜŞTÜRÜLEBİLİR ENDÜSTRİYEL KATI ATIK NAKLİYE SANAYİ VE TİCARET LİMİTED ŞİRKETİ,"KAYAPA Mahallesi, KIRMIZI(530) CADDE, No: 7-, NİLÜFER / BURSA",BURSA, Atık Ara Depolama,,İzin ve Lisans Belgesi,03.02.2022,2765
242,545381,223263356,DEKASAN DÖNÜŞTÜRÜLEBİLİR ENDÜSTRİYEL KATI ATIK NAKLİYE SANAYİ VE TİCARET LİMİTED ŞİRKETİ,"KAYAPA Mahallesi, KIRMIZI(530) CADDE, No: 7-, NİLÜFER / BURSA",BURSA, Ambalaj Atığı Toplama ve Ayırma Tip ,,İzin ve Lisans Belgesi,03.02.2022,2765
243,419025,223579288,METAL-KİM METALURJİ VE KİMYA TARIM SAN.TİC.LTD.ŞTİ.,"İSTANBUL,VELİBABA Mahallesi, KAHRAMANLAR CADDE, No: 34 /1-, PENDİK,Türkiye",İSTANBUL,Tehlikeli Atık Geri Kazanım,Hava Emisyon,İzin ve Lisans Belgesi,14.08.2018,2765
244,486650,223176382,ATAM GOLD RAMATCILIK KUYUMCULUK SANAYİ VE TİCARET LİMİTED ŞİRKETİ,"İKİTELLİ O.S.B. MAH. ÇEVRE SANAYİ SİTESİ 4.BLOK NO:19-21-23, BAŞAKŞEHİR / İSTANBUL",İSTANBUL,Tehlikeli Atık Geri Kazanım,"Hava Emisyon, Gürültü Kontrolü, Atıksu Deşarjı",İzin ve Lisans Belgesi,24.09.2020,2765
245,469006,224805090,EKMEKÇİOĞULLARI METAL VE KİMYA SANAY İ TİC.A.Ş.,"ÇORUM,PINARÇAYOSB Mahallesi, ORGANİZE SANAYİ 6. CADDE, No: 18 -20/6-, MERKEZ,Türkiye",ÇORUM,Tehlikeli Atık Geri Kazanım,Hava Emisyon,İzin ve Lisans Belgesi,01.04.2019,2765
246,469006,224805090,EKMEKÇİOĞULLARI METAL VE KİMYA SANAY İ TİC.A.Ş.,"ÇORUM,PINARÇAYOSB Mahallesi, ORGANİZE SANAYİ 6. CADDE, No: 18 -20/6-, MERKEZ,Türkiye",ÇORUM, Tehlikesiz Atık Geri Kazanım,Hava Emisyon,İzin ve Lisans Belgesi,01.04.2019,2765
247,490428,223197150,TEZ KUYUMCULUK SANAYİ VE TİCARET LİMİTED ŞİRKETİ,"İkitelli OSB Mah. Çevre Sanayi Sitesi 4.Blok No:9-11, Başakşehir/İSTANBUL",İSTANBUL,Tehlikeli Atık Geri Kazanım,"Hava Emisyon, Gürültü Kontrolü, Atıksu Deşarjı",İzin ve Lisans Belgesi,07.08.2020,2765
248,500042,223179936,GÜNEŞ RAMAT-ZEKİ GÜNEŞ,"İKİTELLİ OSB Mahallesi, ÇEVRE 4. BLOK SOKAK, No: 13-13, BAŞAKŞEHİR/İSTANBUL",İSTANBUL,Tehlikeli Atık Geri Kazanım,"Hava Emisyon, Gürültü Kontrolü, Atıksu Deşarjı",İzin ve Lisans Belgesi,19.10.2020,2765
249,563860,310809782,SAHALAR METAL DEMİR ÇELİK HURDACILIK NAK.HAFR.İNŞ.TAAH. İTH. İHR. SAN. VE TİC. LTD. ŞTİ. AKGEDİK ŞUBESİ,AKGEDİK MAHALLESİ AKGEDİK CADDESİ NO: 256 -YUNUSEMRE / MANİSA,MANİSA,Tehlikesiz Atık Geri Kazanım,"Hava Emisyon, Gürültü Kontrolü, Atıksu Deşarjı",Geçici Faaliyet Belgesi,23.06.2022,2764
250,563860,310809782,SAHALAR METAL DEMİR ÇELİK HURDACILIK NAK.HAFR.İNŞ.TAAH. İTH. İHR. SAN. VE TİC. LTD. ŞTİ. AKGEDİK ŞUBESİ,AKGEDİK MAHALLESİ AKGEDİK CADDESİ NO: 256 -YUNUSEMRE / MANİSA,MANİSA, Atık Elektrikli ve Elektronik Eşya İşleme,"Hava Emisyon, Gürültü Kontrolü, Atıksu Deşarjı",Geçici Faaliyet Belgesi,23.06.2022,2764
251,563860,310809782,SAHALAR METAL DEMİR ÇELİK HURDACILIK NAK.HAFR.İNŞ.TAAH. İTH. İHR. SAN. VE TİC. LTD. ŞTİ. AKGEDİK ŞUBESİ,AKGEDİK MAHALLESİ AKGEDİK CADDESİ NO: 256 -YUNUSEMRE / MANİSA,MANİSA, PCB Arındırma,"Hava Emisyon, Gürültü Kontrolü, Atıksu Deşarjı",Geçici Faaliyet Belgesi,23.06.2022,2764
252,563860,310809782,SAHALAR METAL DEMİR ÇELİK HURDACILIK NAK.HAFR.İNŞ.TAAH. İTH. İHR. SAN. VE TİC. LTD. ŞTİ. AKGEDİK ŞUBESİ,AKGEDİK MAHALLESİ AKGEDİK CADDESİ NO: 256 -YUNUSEMRE / MANİSA,MANİSA, Atık Ara Depolama,"Hava Emisyon, Gürültü Kontrolü, Atıksu Deşarjı",Geçici Faaliyet Belgesi,23.06.2022,2764
253,563860,310809782,SAHALAR METAL DEMİR ÇELİK HURDACILIK NAK.HAFR.İNŞ.TAAH. İTH. İHR. SAN. VE TİC. LTD. ŞTİ. AKGEDİK ŞUBESİ,AKGEDİK MAHALLESİ AKGEDİK CADDESİ NO: 256 -YUNUSEMRE / MANİSA,MANİSA, Atıktan Türetilmiş Yakıt (ATY) Hazırlama Tesisi,"Hava Emisyon, Gürültü Kontrolü, Atıksu Deşarjı",Geçici Faaliyet Belgesi,23.06.2022,2764
254,563860,310809782,SAHALAR METAL DEMİR ÇELİK HURDACILIK NAK.HAFR.İNŞ.TAAH. İTH. İHR. SAN. VE TİC. LTD. ŞTİ. AKGEDİK ŞUBESİ,AKGEDİK MAHALLESİ AKGEDİK CADDESİ NO: 256 -YUNUSEMRE / MANİSA,MANİSA, Tehlikeli Atık Ön İşlem Tesisileri,"Hava Emisyon, Gürültü Kontrolü, Atıksu Deşarjı",Geçici Faaliyet Belgesi,23.06.2022,2764
255,563860,310809782,SAHALAR METAL DEMİR ÇELİK HURDACILIK NAK.HAFR.İNŞ.TAAH. İTH. İHR. SAN. VE TİC. LTD. ŞTİ. AKGEDİK ŞUBESİ,AKGEDİK MAHALLESİ AKGEDİK CADDESİ NO: 256 -YUNUSEMRE / MANİSA,MANİSA, Tehlikesiz Atık Ön İşlem Tesisileri,"Hava Emisyon, Gürültü Kontrolü, Atıksu Deşarjı",Geçici Faaliyet Belgesi,23.06.2022,2764
256,563860,310809782,SAHALAR METAL DEMİR ÇELİK HURDACILIK NAK.HAFR.İNŞ.TAAH. İTH. İHR. SAN. VE TİC. LTD. ŞTİ. AKGEDİK ŞUBESİ,AKGEDİK MAHALLESİ AKGEDİK CADDESİ NO: 256 -YUNUSEMRE / MANİSA,MANİSA, Yeniden Kullanıma Hazırlam,"Hava Emisyon, Gürültü Kontrolü, Atıksu Deşarjı",Geçici Faaliyet Belgesi,23.06.2022,2764
257,537402,226546364,GEP YEŞİL ENERJİ ÜRETİM TEKNOLOJİLERİ ANONİM ŞİRKETİ ESKİŞEHİR ŞUBESİ,"HİSAR Mahallesi, BURSA KARAYOLU MEYDAN, No: 621-, TEPEBAŞI / ESKİŞEHİR",ESKİŞEHİR,Atık Ara Depolama,,İzin ve Lisans Belgesi,13.10.2021,2765
258,537402,226546364,GEP YEŞİL ENERJİ ÜRETİM TEKNOLOJİLERİ ANONİM ŞİRKETİ ESKİŞEHİR ŞUBESİ,"HİSAR Mahallesi, BURSA KARAYOLU MEYDAN, No: 621-, TEPEBAŞI / ESKİŞEHİR",ESKİŞEHİR, Atıktan Türetilmiş Yakıt (ATY) Hazırlama Tesisi,,İzin ve Lisans Belgesi,13.10.2021,2765
259,549171,249771606,SELAMİ ENGİN - GEREDE ŞUBESİ,"Demirciler Mah. OSB 4. Nolu Cad. No:12, Gerede / BOLU",BOLU,Tehlikeli Atık Geri Kazanım,"Hava Emisyon, Gürültü Kontrolü, Atıksu Deşarjı",İzin ve Lisans Belgesi,09.02.2022,2765
260,549171,249771606,SELAMİ ENGİN - GEREDE ŞUBESİ,"Demirciler Mah. OSB 4. Nolu Cad. No:12, Gerede / BOLU",BOLU, Tehlikesiz Atık Geri Kazanım,"Hava Emisyon, Gürültü Kontrolü, Atıksu Deşarjı",İzin ve Lisans Belgesi,09.02.2022,2765
261,549171,249771606,SELAMİ ENGİN - GEREDE ŞUBESİ,"Demirciler Mah. OSB 4. Nolu Cad. No:12, Gerede / BOLU",BOLU, Ambalaj Atığı Geri Kazanım,"Hava Emisyon, Gürültü Kontrolü, Atıksu Deşarjı",İzin ve Lisans Belgesi,09.02.2022,2765
262,549171,249771606,SELAMİ ENGİN - GEREDE ŞUBESİ,"Demirciler Mah. OSB 4. Nolu Cad. No:12, Gerede / BOLU",BOLU, Atık Yakma ve Beraber Yakma,"Hava Emisyon, Gürültü Kontrolü, Atıksu Deşarjı",İzin ve Lisans Belgesi,09.02.2022,2765
263,549171,249771606,SELAMİ ENGİN - GEREDE ŞUBESİ,"Demirciler Mah. OSB 4. Nolu Cad. No:12, Gerede / BOLU",BOLU, Atık Elektrikli ve Elektronik Eşya İşleme,"Hava Emisyon, Gürültü Kontrolü, Atıksu Deşarjı",İzin ve Lisans Belgesi,09.02.2022,2765
264,549171,249771606,SELAMİ ENGİN - GEREDE ŞUBESİ,"Demirciler Mah. OSB 4. Nolu Cad. No:12, Gerede / BOLU",BOLU, Atıktan Türetilmiş Yakıt (ATY) Hazırlama Tesisi,"Hava Emisyon, Gürültü Kontrolü, Atıksu Deşarjı",İzin ve Lisans Belgesi,09.02.2022,2765
265,549171,249771606,SELAMİ ENGİN - GEREDE ŞUBESİ,"Demirciler Mah. OSB 4. Nolu Cad. No:12, Gerede / BOLU",BOLU, Toplama Ayırma Tesisi,"Hava Emisyon, Gürültü Kontrolü, Atıksu Deşarjı",İzin ve Lisans Belgesi,09.02.2022,2765
266,551004,308966080,AMİSOS GERİ DÖNÜŞÜM BERTARAF NAKLİYE SANAYİ TİCARET LİMİTED ŞİRKETİ,Şabanoğlu Mahallesi 106 SOKAK No: 3 -1 TEKKEKÖY/SAMSUN,SAMSUN,Tehlikeli Atık Geri Kazanım,"Hava Emisyon, Gürültü Kontrolü, Atıksu Deşarjı",Geçici Faaliyet Belgesi,14.03.2022,2764
267,551004,308966080,AMİSOS GERİ DÖNÜŞÜM BERTARAF NAKLİYE SANAYİ TİCARET LİMİTED ŞİRKETİ,Şabanoğlu Mahallesi 106 SOKAK No: 3 -1 TEKKEKÖY/SAMSUN,SAMSUN, Tehlikeli Atık Ön İşlem Tesisileri,"Hava Emisyon, Gürültü Kontrolü, Atıksu Deşarjı",Geçici Faaliyet Belgesi,14.03.2022,2764
268,393975,222541174,KORUMA KLOR ALKALİ SANAYİ VE TİCARET A.Ş.,"KOCAELİ,DENİZ Mahallesi, PETROL OFİSİ CADDE, No: 43-, DERİNCE,Türkiye",KOCAELİ,Tehlikeli Atık Geri Kazanım,Hava Emisyon,İzin ve Lisans Belgesi,01.03.2018,2765
269,393975,222541174,KORUMA KLOR ALKALİ SANAYİ VE TİCARET A.Ş.,"KOCAELİ,DENİZ Mahallesi, PETROL OFİSİ CADDE, No: 43-, DERİNCE,Türkiye",KOCAELİ, Tehlikesiz Atık Geri Kazanım,Hava Emisyon,İzin ve Lisans Belgesi,01.03.2018,2765
270,527850,225638028,AKKİM KİMYA SANAYİ VE TİCARET ANONİM ŞİRKETİ YALOVA ŞUBESİ,"TAŞKÖPRÜ MERKEZ Mahallesi, AK-KİM SOKAK, No: 7 -19, ÇİFTLİKKÖY, YALOVA, Türkiye",YALOVA,Tehlikeli Atık Geri Kazanım,Hava Emisyon,İzin ve Lisans Belgesi,19.08.2021,2765
271,527850,225638028,AKKİM KİMYA SANAYİ VE TİCARET ANONİM ŞİRKETİ YALOVA ŞUBESİ,"TAŞKÖPRÜ MERKEZ Mahallesi, AK-KİM SOKAK, No: 7 -19, ÇİFTLİKKÖY, YALOVA, Türkiye",YALOVA, Tanker Temizleme,Hava Emisyon,İzin ve Lisans Belgesi,19.08.2021,2765
272,549225,225710232,DOĞU KİMYA SANAYİ VE ELEKTRONİK OTOMOTİV MAKİNA TIBBİ CİHAZ HURDA VE HIRDAVAT TEKSTİL KONFEKSİYON TUHAFİYE GIDA PAZARLAMA TİCARET LİMİTED ŞİRKETİ/CEYHAN YOLU ŞUBESİ,"SULUCA Mahallesi, D-400 KARAYOLU BULVAR, No: 71 -, SARIÇAM, ADANA, Türkiye",ADANA,Tehlikeli Atık Geri Kazanım,"Hava Emisyon, Gürültü Kontrolü, Atıksu Deşarjı",Geçici Faaliyet Belgesi,11.02.2022,2764
273,549225,225710232,DOĞU KİMYA SANAYİ VE ELEKTRONİK OTOMOTİV MAKİNA TIBBİ CİHAZ HURDA VE HIRDAVAT TEKSTİL KONFEKSİYON TUHAFİYE GIDA PAZARLAMA TİCARET LİMİTED ŞİRKETİ/CEYHAN YOLU ŞUBESİ,"SULUCA Mahallesi, D-400 KARAYOLU BULVAR, No: 71 -, SARIÇAM, ADANA, Türkiye",ADANA, Tehlikesiz Atık Geri Kazanım,"Hava Emisyon, Gürültü Kontrolü, Atıksu Deşarjı",Geçici Faaliyet Belgesi,11.02.2022,2764
274,548297,536835664,İKRAM KİMYA GIDA OTOMOTİV VE NAKLİYE SANAYİ TİCARET LİMİTED ŞİRKETİ OSMANELİ ŞUBESİ,"CAMİKEBİR Mahallesi, ECZACIBAŞI SOKAK, No: 7 -, OSMANELİ, BİLECİK, Türkiye",BİLECİK,Tehlikeli Atık Geri Kazanım,"Hava Emisyon, Gürültü Kontrolü, Atıksu Deşarjı",Geçici Faaliyet Belgesi,03.02.2022,2764
275,392266,232033058,ANADOLU TEHLİKELİ ATIK Depolama SANAYİ VE TİCARET ANONİM ŞİRKETİ,"MUĞLA,KAFACA Mahallesi, SANAYİ CADDE, No: 13-, MENTEŞE,Türkiye",MUĞLA,Atık Ara Depolama,,İzin ve Lisans Belgesi,23.01.2018,2765
276,546875,230599446,EMG İŞLEME TESİSLERİ GERİ KAZANIM ATIK Depolama LOJİSTİK ÇEVRE İŞ SAĞLIĞI VE GÜVENLİĞİ DANIŞMANLIĞI İNŞAAT DIŞ TİCARET LİMİTED ŞİRKETİ,"Saray Mah., Keresteciler Sitesi, 8. Sokak., No: 29/A-B, Kahramankazan ANKARA",ANKARA,Hurda Metal /ÖTA İşleme,"Hava Emisyon, Gürültü Kontrolü, Atıksu Deşarjı",Geçici Faaliyet Belgesi,07.01.2022,2764
277,546875,230599446,EMG İŞLEME TESİSLERİ GERİ KAZANIM ATIK Depolama LOJİSTİK ÇEVRE İŞ SAĞLIĞI VE GÜVENLİĞİ DANIŞMANLIĞI İNŞAAT DIŞ TİCARET LİMİTED ŞİRKETİ,"Saray Mah., Keresteciler Sitesi, 8. Sokak., No: 29/A-B, Kahramankazan ANKARA",ANKARA, Atık Elektrikli ve Elektronik Eşya İşleme,"Hava Emisyon, Gürültü Kontrolü, Atıksu Deşarjı",Geçici Faaliyet Belgesi,07.01.2022,2764
278,546875,230599446,EMG İŞLEME TESİSLERİ GERİ KAZANIM ATIK Depolama LOJİSTİK ÇEVRE İŞ SAĞLIĞI VE GÜVENLİĞİ DANIŞMANLIĞI İNŞAAT DIŞ TİCARET LİMİTED ŞİRKETİ,"Saray Mah., Keresteciler Sitesi, 8. Sokak., No: 29/A-B, Kahramankazan ANKARA",ANKARA, Atık Ara Depolama,"Hava Emisyon, Gürültü Kontrolü, Atıksu Deşarjı",Geçici Faaliyet Belgesi,07.01.2022,2764
279,546875,230599446,EMG İŞLEME TESİSLERİ GERİ KAZANIM ATIK Depolama LOJİSTİK ÇEVRE İŞ SAĞLIĞI VE GÜVENLİĞİ DANIŞMANLIĞI İNŞAAT DIŞ TİCARET LİMİTED ŞİRKETİ,"Saray Mah., Keresteciler Sitesi, 8. Sokak., No: 29/A-B, Kahramankazan ANKARA",ANKARA, Tehlikeli Atık Ön İşlem Tesisileri,"Hava Emisyon, Gürültü Kontrolü, Atıksu Deşarjı",Geçici Faaliyet Belgesi,07.01.2022,2764
280,546875,230599446,EMG İŞLEME TESİSLERİ GERİ KAZANIM ATIK Depolama LOJİSTİK ÇEVRE İŞ SAĞLIĞI VE GÜVENLİĞİ DANIŞMANLIĞI İNŞAAT DIŞ TİCARET LİMİTED ŞİRKETİ,"Saray Mah., Keresteciler Sitesi, 8. Sokak., No: 29/A-B, Kahramankazan ANKARA",ANKARA, Tehlikesiz Atık Ön İşlem Tesisileri,"Hava Emisyon, Gürültü Kontrolü, Atıksu Deşarjı",Geçici Faaliyet Belgesi,07.01.2022,2764
281,541386,227193778,FERHANLAR GRUP ATIK YÖNETİMİ SANAYİ VE TİCARET ANONİM ŞİRKETİ,"Mustafa Kemal Mahallesi, 23.Sokak, No:85-C, Reyhanlı/HATAY",HATAY,Atık Ara Depolama,"Hava Emisyon, Gürültü Kontrolü, Atıksu Deşarjı",Geçici Faaliyet Belgesi,22.12.2021,2764
282,541386,227193778,FERHANLAR GRUP ATIK YÖNETİMİ SANAYİ VE TİCARET ANONİM ŞİRKETİ,"Mustafa Kemal Mahallesi, 23.Sokak, No:85-C, Reyhanlı/HATAY",HATAY, Atıktan Türetilmiş Yakıt (ATY) Hazırlama Tesisi,"Hava Emisyon, Gürültü Kontrolü, Atıksu Deşarjı",Geçici Faaliyet Belgesi,22.12.2021,2764
283,392771,231436234,LİON ATIK DEĞERLENDİRME GERİ DÖNÜŞÜM OTOMOTİV GAYRİMENKUL DANIŞMANLIĞI NAKLİYE İTHALAT İHRACAT SANAYİ VE TİCARET ANONİM ŞİRKETİ,"İZMİR,SUBAŞI Mahallesi, 232 SOKAK, No: 14-1, TORBALI,Türkiye",İZMİR,Atık Ara Depolama,,İzin ve Lisans Belgesi,20.12.2017,2765
284,528522,222591124,İZAYDAŞ İZMİT ATIK VE ART.ARITMA YAK.VE DEĞER.A.Ş.,"ALİKAHYA ATATÜRK Mahallesi, ÇARŞIBAŞI CADDE, No:350 /1-, İZMİT / KOCAELİ",KOCAELİ,Tehlikeli Atık Geri Kazanım,"Hava Emisyon, Gürültü Kontrolü, Atıksu Deşarjı",İzin ve Lisans Belgesi,10.08.2021,2765
285,528522,222591124,İZAYDAŞ İZMİT ATIK VE ART.ARITMA YAK.VE DEĞER.A.Ş.,"ALİKAHYA ATATÜRK Mahallesi, ÇARŞIBAŞI CADDE, No:350 /1-, İZMİT / KOCAELİ",KOCAELİ, Atık Yakma ve Beraber Yakma,"Hava Emisyon, Gürültü Kontrolü, Atıksu Deşarjı",İzin ve Lisans Belgesi,10.08.2021,2765
286,528522,222591124,İZAYDAŞ İZMİT ATIK VE ART.ARITMA YAK.VE DEĞER.A.Ş.,"ALİKAHYA ATATÜRK Mahallesi, ÇARŞIBAŞI CADDE, No:350 /1-, İZMİT / KOCAELİ",KOCAELİ, Düzenli Depolama - 1. Sınıf (Tehlikeli Atık Düzenli Depolama),"Hava Emisyon, Gürültü Kontrolü, Atıksu Deşarjı",İzin ve Lisans Belgesi,10.08.2021,2765
287,528522,222591124,İZAYDAŞ İZMİT ATIK VE ART.ARITMA YAK.VE DEĞER.A.Ş.,"ALİKAHYA ATATÜRK Mahallesi, ÇARŞIBAŞI CADDE, No:350 /1-, İZMİT / KOCAELİ",KOCAELİ, Düzenli Depolama - 2. Sınıf (Belediye Atıkları ve Tehlikesiz Atık Düzenli Depolama),"Hava Emisyon, Gürültü Kontrolü, Atıksu Deşarjı",İzin ve Lisans Belgesi,10.08.2021,2765
288,528522,222591124,İZAYDAŞ İZMİT ATIK VE ART.ARITMA YAK.VE DEĞER.A.Ş.,"ALİKAHYA ATATÜRK Mahallesi, ÇARŞIBAŞI CADDE, No:350 /1-, İZMİT / KOCAELİ",KOCAELİ, Atık Ara Depolama,"Hava Emisyon, Gürültü Kontrolü, Atıksu Deşarjı",İzin ve Lisans Belgesi,10.08.2021,2765
289,528522,222591124,İZAYDAŞ İZMİT ATIK VE ART.ARITMA YAK.VE DEĞER.A.Ş.,"ALİKAHYA ATATÜRK Mahallesi, ÇARŞIBAŞI CADDE, No:350 /1-, İZMİT / KOCAELİ",KOCAELİ, Biyobozunur Atık İşleme -Biyometanizasyon,"Hava Emisyon, Gürültü Kontrolü, Atıksu Deşarjı",İzin ve Lisans Belgesi,10.08.2021,2765
290,530266,258390614,YEŞİLDÖNGÜ ATIK İŞLEME ENTEGRE TESİSİ SANAYİ VE TİCARET LİMİTED ŞİRKETİ,Yavuz Selim Mahallesi 163. Sokak No:7 Yeşilhisar/KAYSERİ,KAYSERİ,Tehlikeli Atık Geri Kazanım,"Hava Emisyon, Gürültü Kontrolü, Atıksu Deşarjı",Geçici Faaliyet Belgesi,19.08.2021,2764
291,530266,258390614,YEŞİLDÖNGÜ ATIK İŞLEME ENTEGRE TESİSİ SANAYİ VE TİCARET LİMİTED ŞİRKETİ,Yavuz Selim Mahallesi 163. Sokak No:7 Yeşilhisar/KAYSERİ,KAYSERİ, Tanker Temizleme,"Hava Emisyon, Gürültü Kontrolü, Atıksu Deşarjı",Geçici Faaliyet Belgesi,19.08.2021,2764
292,530266,258390614,YEŞİLDÖNGÜ ATIK İŞLEME ENTEGRE TESİSİ SANAYİ VE TİCARET LİMİTED ŞİRKETİ,Yavuz Selim Mahallesi 163. Sokak No:7 Yeşilhisar/KAYSERİ,KAYSERİ, Atık Ara Depolama,"Hava Emisyon, Gürültü Kontrolü, Atıksu Deşarjı",Geçici Faaliyet Belgesi,19.08.2021,2764
293,530266,258390614,YEŞİLDÖNGÜ ATIK İŞLEME ENTEGRE TESİSİ SANAYİ VE TİCARET LİMİTED ŞİRKETİ,Yavuz Selim Mahallesi 163. Sokak No:7 Yeşilhisar/KAYSERİ,KAYSERİ, Atıktan Türetilmiş Yakıt (ATY) Hazırlama Tesisi,"Hava Emisyon, Gürültü Kontrolü, Atıksu Deşarjı",Geçici Faaliyet Belgesi,19.08.2021,2764